grid_id,latitude,longitude,elevation_m,slope_deg,distance_to_river_m,land_cover,flood_category,target,high_probability,predicted_category,moderate_or_high_probability
90,13.104908660137838,80.13974242782491,15.0,1.309969782829285,830.0405551802534,30,MODERATE,1,0.0035380952380952378,MODERATE,0.833749506049506
91,13.107169064502193,80.13973457588574,13.0,0.0,649.5350716646013,90,LOW,0,0.0,MODERATE,0.8489079642579643
233,13.100395532769763,80.1420641904021,18.0,1.8522543907165527,1090.3946518986893,50,LOW,0,0.007041609371021135,MODERATE,0.6913890204566673
234,13.10265593930572,80.14205636244512,14.0,1.8522543907165527,893.492006000013,80,MODERATE,1,0.00359047619047619,MODERATE,0.9330543345543351
235,13.104916345441506,80.14204853301833,13.0,0.0,729.8598719498085,80,MODERATE,1,0.0004615384615384616,MODERATE,0.9491103674103677
236,13.107176751177066,80.14204070212169,13.0,0.0,626.1492638175457,80,MODERATE,1,0.014672882672882673,MODERATE,0.9391484404484405
237,13.109437156512335,80.1420328697551,14.0,0.0,613.5392151084706,90,MODERATE,1,0.006556277056277055,MODERATE,0.8944021423021427
238,13.11169756144725,80.14202503591852,11.0,3.7006449699401855,696.9919916129464,90,MODERATE,1,0.006675396825396826,MODERATE,0.8184255189255187
239,13.11395796598174,80.14201720061189,13.0,2.0707030296325684,827.9010439152753,40,MODERATE,1,0.0023719806763285024,MODERATE,0.7950757684344638
345,13.02580950984363,80.14462706150164,13.0,0.9263692498207092,593.2689197246389,10,LOW,0,0.2010925269175268,MODERATE,0.604817968142968
377,13.0981427864111,80.1443780604486,22.0,4.713325023651123,1209.927561949817,40,LOW,0,0.01999047619047619,MODERATE,0.5940062770562772
378,13.100403194714604,80.1443702549921,17.0,1.8522543907165527,973.8029436505578,90,MODERATE,1,0.005079365079365079,MODERATE,0.8070333388833392
379,13.10266360261804,80.14436244806978,14.0,1.309969782829285,746.7661219948017,80,MODERATE,1,0.006374236874236875,MODERATE,0.9610554612054611
380,13.10492401012133,80.14435463968164,13.0,0.0,540.3953264563069,80,MODERATE,1,0.019994405594405594,MODERATE,0.9514347763347765
381,13.107184417224415,80.14434682982755,16.0,3.336585760116577,389.09456016819627,90,MODERATE,1,0.08949881229881232,MODERATE,0.8744280663780664
382,13.109444823927236,80.1443390185075,13.0,2.0707030296325684,368.4590135268042,30,LOW,0,0.16271715098626874,MODERATE,0.7356820818070818
490,13.025817106179902,80.1469324356256,15.0,2.618571519851685,827.238849971514,10,LOW,0,0.0994766497766498,LOW,0.4850724341724343
494,13.03485879353168,80.14690147614489,17.0,5.386162281036377,1475.4610235768855,90,LOW,0,0.04237361804861805,MODERATE,0.5594613580863581
517,13.08684837204068,80.14672300567685,14.0,2.0707030296325684,2407.339616611158,40,MODERATE,1,0.00583968253968254,MODERATE,0.719149472749473
523,13.100410836042895,80.14667632104789,14.0,1.309969782829285,912.4822459838432,30,MODERATE,1,0.011449941604289431,MODERATE,0.8344934119021072
524,13.102671245310123,80.14666853516032,13.0,0.0,664.8242753783759,80,MODERATE,1,0.0004615384615384616,MODERATE,0.9323367743367744
525,13.104931654177244,80.14666074781084,9.0,1.309969782829285,419.9509316920801,80,MODERATE,1,0.08901659015989646,MODERATE,0.9019140406528341
526,13.10719206264418,80.14665295899941,17.0,1.8522543907165527,189.0138961180096,40,MODERATE,1,0.17635525308025304,MODERATE,0.8712098817848821
538,13.13431693301002,80.1465593792053,17.0,2.0707030296325684,1620.421699003997,50,MODERATE,1,0.002583333333333333,MODERATE,0.8206353313353317
634,13.023564257828708,80.14924552652931,14.0,2.0707030296325684,1039.7186828152394,50,LOW,0,0.11830718699290128,LOW,0.3739813090762984
637,13.030345529211656,80.14922237620175,15.0,1.309969782829285,1279.847950847805,40,LOW,0,0.019451946107316948,LOW,0.2366783889168421
638,13.032605952209988,80.14921465651413,12.0,4.622196197509766,1440.0264082951446,10,LOW,0,0.080779597604652,LOW,0.22315691915588665
639,13.034866374810218,80.14920693537051,14.0,0.0,1623.0654133107216,50,LOW,0,0.002553453689167975,LOW,0.22925990464033522
662,13.086855984592138,80.1490289470686,13.0,0.0,2402.813207699926,50,MODERATE,1,0.005181746031746032,MODERATE,0.6673586104793554
684,13.136584978745248,80.14885797593092,15.0,4.713325023651123,1303.6331223277623,50,MODERATE,1,0.004127659574468085,MODERATE,0.7080012193480277
783,13.032613511622804,80.15152009627934,11.0,4.622196197509766,1629.7337697852272,80,LOW,0,0.05189021256521254,LOW,0.5215109834609835
784,13.034873935578768,80.15151239605218,8.0,11.018078804016112,1793.5153859603372,80,LOW,0,0.07276637251637251,MODERATE,0.5758425602175602
806,13.084603161766529,80.1513426235595,14.0,1.8522543907165527,2386.1172245395333,30,LOW,0,0.005270606191194426,LOW,0.14560755604750336
807,13.086863576548998,80.15133488991788,15.0,0.0,2424.1985464249533,10,LOW,0,0.008172893772893772,LOW,0.22343039183039176
810,13.09364481849844,80.15131168027135,16.0,2.927142381668091,1681.8223540496751,30,LOW,0,0.11610534241804724,LOW,0.3122935311919357
830,13.138853006121172,80.15115661484869,14.0,5.839084625244141,1003.4974926445894,50,LOW,0,0.015880479539012927,LOW,0.39797120628408755
951,13.084610731776138,80.15364854685505,13.0,0.9263692498207092,2427.804981727986,10,LOW,0,0.01218003663003663,LOW,0.16838874185515978
957,13.09817322259133,80.1536022493035,16.0,3.7006449699401855,1204.1638177919083,50,LOW,0,0.05961769697451412,LOW,0.38706043375842736
958,13.100433636327862,80.15359452797051,17.0,0.9263692498207092,960.0264114295946,30,LOW,0,0.021608547008547006,LOW,0.45096128364509314
1095,13.082357863311229,80.15596216178153,14.0,0.9263692498207092,2165.7771619922514,50,LOW,0,0.004005799755799756,LOW,0.1321061672038561
1096,13.084618281194716,80.15595447160015,15.0,0.0,2400.399011359949,50,LOW,0,0.0033904151404151404,LOW,0.1547908186220896
1102,13.098180780103757,80.1559083001519,16.0,0.9263692498207092,1276.0149483649388,50,MODERATE,1,0.01953742715476995,MODERATE,0.5412146620618078
1103,13.100441195189347,80.15590059984997,16.0,1.8522543907165527,1048.739414255981,50,LOW,0,0.01608015873015873,LOW,0.41902987697986294
1106,13.10722243804613,80.15587749026764,16.0,2.0707030296325684,514.5629122892358,50,LOW,0,0.16345425554837326,MODERATE,0.6301144212068127
1107,13.109482851531514,80.15586978418115,20.0,4.622196197509766,486.2254634084689,50,LOW,0,0.21988952109981524,MODERATE,0.6424667693417694
1220,13.03715692242686,80.15842114787644,18.0,2.777172803878784,2529.709673133936,50,LOW,0,0.0318474848680731,LOW,0.1374131805824547
1240,13.082365390793491,80.15826806696877,14.0,2.618571519851685,2079.231400100134,50,LOW,0,0.01024498181557005,LOW,0.0837002684945426
1241,13.084625810022194,80.15826039779084,13.0,1.309969782829285,2313.6878442262214,50,LOW,0,0.015062297832886066,LOW,0.14529835801957636
1247,13.098188317003014,80.15821435244632,13.0,1.309969782829285,1389.754581507962,10,LOW,0,0.04953223957451844,LOW,0.2482448861386689
1251,13.107229980327045,80.15818362671017,14.0,1.309969782829285,753.6435756212433,50,LOW,0,0.040587903642251455,LOW,0.4526275024591777
1252,13.109490395157898,80.15817594167058,16.0,0.9263692498207092,734.58753708348,50,LOW,0,0.041057253857253846,LOW,0.4666271595795509
1265,13.138875751518414,80.1580759048794,18.0,2.0707030296325684,1165.0640985140224,50,LOW,0,0.008189945194130754,LOW,0.4501368071498022
1347,12.996476620654176,80.16086353950176,10.0,2.777172803878784,114.6444733285608,50,LOW,0,0.27336960408013017,LOW,0.6012852340641814
1352,13.00777879519389,80.16082555720858,10.0,1.8522543907165527,515.122955161295,10,HIGH,2,0.6580513028822923,HIGH,0.7717563202434479
1382,13.075591633581451,80.16059690949518,11.0,1.8522543907165527,1289.085482125579,50,LOW,0,0.026831176826017798,LOW,0.22374967140736388
1383,13.077852055349684,80.16058926563353,12.0,3.7006449699401855,1523.5419262516657,40,LOW,0,0.034245172436590365,LOW,0.12631847327091072
1384,13.080112476718648,80.16058162033436,13.0,4.622196197509766,1757.9983703777525,50,LOW,0,0.06063149173310233,LOW,0.1715589749848872
1385,13.08237289768828,80.1605739735976,14.0,0.9263692498207092,1992.4548145038395,50,LOW,0,0.006029949415663701,LOW,0.11452634311260348
1396,13.107237501980007,80.16048976459497,16.0,2.0707030296325684,998.0893183712396,50,LOW,0,0.004373639277824837,LOW,0.22580985188284664
1397,13.10949791815266,80.16048210060234,18.0,2.927142381668091,983.7796999379312,50,LOW,0,0.016264289271106406,LOW,0.24439278780960494
1398,13.11175833392514,80.16047443517132,16.0,2.927142381668091,1031.728020639726,10,LOW,0,0.014248314602500164,LOW,0.1744839615481472
1410,13.138883291958628,80.16038233778124,21.0,1.309969782829285,1313.0740264535975,50,MODERATE,1,0.005357142857142858,MODERATE,0.6206283961622057
1491,12.994223618704218,80.16317622365845,13.0,1.309969782829285,237.6892806615125,50,LOW,0,0.33727841853894486,LOW,0.5745760023049497
1494,13.001004929821384,80.16315350545594,10.0,3.336585760116577,180.5710863493129,50,MODERATE,1,0.3017525890070338,MODERATE,0.8414552284515484
1497,13.007786237365018,80.16313077437032,10.0,3.336585760116577,342.95721595014066,30,HIGH,2,0.700348681042793,HIGH,0.8745281476539492
1500,13.01456754133338,80.16310803039994,9.0,3.336585760116577,1001.691602930694,50,LOW,0,0.12750930879610664,LOW,0.4584054868863352
1501,13.016827975194698,80.1631004462129,13.0,2.0707030296325684,1241.2540277869543,50,LOW,0,0.09764430820502248,LOW,0.2533216185621343
1505,13.025869706664237,80.16307009514522,13.0,0.9263692498207092,2222.61412259511,50,LOW,0,0.03213353683353682,LOW,0.09722638252832674
1516,13.050734435377372,80.1629865115457,12.0,2.618571519851685,1385.6836386489033,50,LOW,0,0.05214235835467166,LOW,0.1198558678124351
1517,13.052994862870833,80.16297890444096,10.0,1.309969782829285,1138.3782800931183,50,MODERATE,1,0.054534477489181526,MODERATE,0.5736442172557469
1522,13.064296994358786,80.16294084742273,13.0,3.814206600189209,29.817251274622848,10,LOW,0,0.4766479365876448,HIGH,0.578549269598845
1523,13.066557419460056,80.16293323171973,10.0,2.0707030296325684,264.43910064232074,10,HIGH,2,0.7564730759462159,HIGH,0.8748867113818021
1524,13.068817844162409,80.1629256145835,13.0,0.0,498.939564151023,50,LOW,0,0.26524160720232154,LOW,0.5030649380277201
1525,13.07107826846577,80.16291799601393,9.0,4.713325023651123,733.39600827711,50,LOW,0,0.16007161405420997,LOW,0.4355419576181021
1528,13.077859538981295,80.16289513170466,14.0,3.814206600189209,1436.765340655371,10,LOW,0,0.05690055968854511,LOW,0.12126597106932381
1529,13.080119961688068,80.16288750740118,14.0,2.0707030296325684,1671.9860424125795,50,LOW,0,0.0038819190835296885,LOW,0.05663996327781972
1530,13.082380383995536,80.16287988166407,12.0,1.8522543907165527,1873.480128225948,50,LOW,0,0.01309580247814345,LOW,0.11790706860206213
1532,13.086901227412282,80.16286462588869,14.0,1.309969782829285,2262.4311112957807,40,LOW,0,0.010472987143575377,LOW,0.11038138645686009
1534,13.09142206923103,80.16284936437802,16.0,2.618571519851685,2290.830517929241,50,LOW,0,0.0681378010878011,LOW,0.12894455626073276
1535,13.09368248954099,80.1628417314718,20.0,0.9263692498207092,2084.357136490567,50,LOW,0,0.03335717158658335,LOW,0.20241753511212643
1543,13.111765837626344,80.16278061659247,15.0,1.309969782829285,1271.8751341797508,50,LOW,0,0.004291208791208791,LOW,0.14192059113498862
1544,13.114026254336755,80.16277297077791,13.0,2.0707030296325684,1356.2103699308452,50,LOW,0,0.006492384300917687,LOW,0.09920216488385535
1550,13.127588746191304,80.1627270657624,16.0,1.309969782829285,2407.1036186436104,50,LOW,0,0.0013904761904761905,LOW,0.13795229726110647
1553,13.134369986710588,80.16270409388368,19.0,2.0707030296325684,1859.955573292406,50,MODERATE,1,0.004904761904761905,MODERATE,0.5418145988484082
1638,12.998751909550808,80.16546621476046,11.0,0.9263692498207092,525.8004734353913,50,LOW,0,0.22640620754192178,LOW,0.4975978690764403
1639,13.001012347526204,80.16545866145259,12.0,2.927142381668091,362.9384021503215,50,LOW,0,0.2769261721011721,LOW,0.5657130970557439
1641,13.005533222285823,80.16544355055429,6.0,1.309969782829285,4.686080736974604,30,HIGH,2,0.7059128361834245,HIGH,0.8770314763667707
1642,13.007793659069922,80.16543599296372,11.0,1.309969782829285,211.12972922751305,40,LOW,0,0.3924104074957352,HIGH,0.613100926286566
1645,13.01457496703858,80.16541331162554,8.0,1.8522543907165527,952.0932426664556,30,LOW,0,0.15265526510526514,LOW,0.4284511462611461
1646,13.016835402233372,80.16540574832379,10.0,3.814206600189209,1201.2891591009115,50,MODERATE,1,0.07866823046273082,MODERATE,0.6494842306369537
1650,13.025877139037052,80.1653754808367,14.0,1.309969782829285,2086.3844028948347,40,LOW,0,0.021060288730876963,LOW,0.06668239655787019
1656,13.039439732308995,80.16533003675897,18.0,0.9263692498207092,2658.817256332409,10,LOW,0,0.02983252858252858,LOW,0.09190104621746412
1661,13.05074188242101,80.16529212740917,10.0,2.0707030296325684,1428.3441370793305,50,LOW,0,0.025684660361286055,LOW,0.2632073095785542
1668,13.066564875841134,80.16523899430487,13.0,3.814206600189209,177.70653442864125,10,HIGH,2,0.6804578233401786,HIGH,0.8238232684978439
1669,13.068825301877494,80.16523139814464,9.0,3.336585760116577,412.1629785547282,50,HIGH,2,0.6373748802514774,HIGH,0.8144919844181739
1670,13.071085727514896,80.16522380055503,12.0,3.336585760116577,646.6194226808152,50,LOW,0,0.11408982944434126,LOW,0.3865682554403088
1671,13.073346152753269,80.165216201536,12.0,2.0707030296325684,881.4213007945771,50,LOW,0,0.05155037381449951,LOW,0.2562141462148476
1677,13.086908695800314,80.1651705774001,16.0,0.0,2129.817627020039,50,LOW,0,0.007855433455433457,LOW,0.09906188089315188
1680,13.093689961931766,80.1651477460297,16.0,1.309969782829285,2241.148884124111,10,LOW,0,0.03174222444222445,LOW,0.08003241484883275
1684,13.102731644511357,80.16511728418139,15.0,1.309969782829285,1630.7388396256313,10,LOW,0,0.007885839598997493,LOW,0.06674247042528891
1685,13.104992064156598,80.1651096651437,18.0,0.9263692498207092,1543.0325251357312,10,LOW,0,0.007199331662489556,LOW,0.09263059439282464
1689,13.114033738737012,80.16507917468856,13.0,2.0707030296325684,1586.6663845558564,50,LOW,0,0.0027142407815842363,LOW,0.030678378969794806
1693,13.123075406913474,80.16504866134348,19.0,1.309969782829285,2157.329612769536,50,LOW,0,0.0022564102564102562,LOW,0.13120744489125413
1694,13.12533582295649,80.16504102943018,14.0,2.0707030296325684,2345.359518004768,50,LOW,0,5.714285714285714e-05,LOW,0.01993880519761441
1784,13.001019744775768,80.16776381887678,8.0,4.976532936096191,274.9016728052357,50,MODERATE,1,0.17751820194769116,MODERATE,0.832033202031886
1785,13.003280183683794,80.1677562850031,6.0,1.309969782829285,172.37480687672235,40,HIGH,2,0.6653107368476933,HIGH,0.8845529852216553
1787,13.007801060308545,80.16774121298481,13.0,2.0707030296325684,202.3678137900684,40,LOW,0,0.320351815317605,LOW,0.5234814253906361
1791,13.01684280879106,80.16771105186263,10.0,0.9263692498207092,1200.976752939947,40,MODERATE,1,0.08152207973186235,MODERATE,0.6522312027585943
1795,13.025884550914174,80.16768086795638,14.0,1.309969782829285,1871.260539722748,40,LOW,0,0.024680578585949426,LOW,0.0924641552420202
1800,13.03718671961889,80.16764310602744,11.0,5.911112308502197,2717.053389367992,50,MODERATE,1,0.03233392049745486,LOW,0.18832430481696388
1807,13.053009739085969,80.16759017949364,15.0,2.618571519851685,1280.785030913148,50,LOW,0,0.019387302508060113,LOW,0.08274292464022524
1808,13.055270168844956,80.16758261286077,13.0,2.0707030296325684,1064.9168576804489,50,LOW,0,0.03415969611492741,LOW,0.13185489131308353
1810,13.059791027167211,80.16756747531979,13.0,6.650692939758301,612.4393835459143,50,LOW,0,0.2008638117951144,LOW,0.44333236968447065
1813,13.066572311660302,80.16754475831931,13.0,2.0707030296325684,90.92994883234653,50,LOW,0,0.2298815406815406,LOW,0.3507465312465312
1814,13.068832739026996,80.16753718313517,7.0,3.336585760116577,336.45184536201947,50,LOW,0,0.4030208424548471,HIGH,0.709494285773293
1815,13.071093165994755,80.16752960652559,14.0,3.336585760116577,585.772989756858,50,LOW,0,0.1517629996658539,LOW,0.4324252939989467
1816,13.073353592563508,80.16752202849052,9.0,1.309969782829285,835.3907892150728,50,LOW,0,0.0820233215725702,LOW,0.40962387559199886
1830,13.104999522594625,80.16741578628844,13.0,2.0707030296325684,1784.4195196192918,10,LOW,0,0.013896832506798913,LOW,0.051168388277427056
1835,13.116301621473571,80.16737777489865,15.0,2.927142381668091,1915.033700699376,50,LOW,0,0.00577113997113997,LOW,0.022883482443482442
1836,13.118562040048756,80.16737016834074,15.0,0.9263692498207092,2034.451839041059,50,LOW,0,0.003805616605616605,LOW,0.024543813337622553
1845,13.138905789201845,80.16730164510622,22.0,3.336585760116577,1890.642889297018,50,LOW,0,0.008631746031746032,LOW,0.25331789321789305
1924,12.989724914446423,80.17010652149084,10.0,4.136011123657227,1084.746331787364,50,LOW,0,0.10294271635695357,LOW,0.4402868971743395
1928,12.99876668093903,80.1700764893168,9.0,0.9263692498207092,382.2010647598793,30,LOW,0,0.3110753074429545,LOW,0.5464715717509834
1929,13.001027121570027,80.17006897772453,10.0,2.0707030296325684,137.24117801832452,30,HIGH,2,0.36450883538363626,HIGH,0.6657498358857381
1931,13.005548001640989,80.170053950281,10.0,2.0707030296325684,135.50213779836204,10,MODERATE,1,0.35767271872251954,LOW,0.6131738396597419
1936,13.0168501948677,80.17001635682546,16.0,4.976532936096191,1221.3135576059012,50,LOW,0,0.1364743720008758,LOW,0.3229852109808877
1943,13.032673248690829,80.1699636663434,14.0,3.336585760116577,2170.1216032636485,50,LOW,0,0.022986262756850995,LOW,0.05769132466059876
1945,13.037194117631678,80.16994859913645,15.0,1.309969782829285,2573.5714701673533,50,LOW,0,0.01775241327300151,LOW,0.06871735291357123
1952,13.053017146383729,80.16989581915946,12.0,5.839084625244141,1402.58530152047,50,LOW,0,0.046906097334274754,LOW,0.14312450836597207
1977,13.109527803814196,80.16970675067388,17.0,1.8522543907165527,1982.5834387224004,50,LOW,0,0.003668253968253968,LOW,0.031239820108629315
1981,13.11856948582493,80.16967641723076,18.0,1.8522543907165527,2251.043743188732,10,LOW,0,0.0029777777777777775,LOW,0.031511085694894914
1982,13.12082990532695,80.16966883031301,13.0,2.927142381668091,2379.8819601636424,50,LOW,0,0.0033000000000000004,LOW,0.011430303030303032
1983,13.123090324428576,80.16966124197238,12.0,2.0707030296325684,2377.6213550122006,50,LOW,0,0.0004571428571428572,LOW,0.010613408372217588
1991,13.141173662819748,80.16960048401506,22.0,0.0,2001.7688265539864,50,LOW,0,0.002,LOW,0.26383513708513684
2085,13.025899313181084,80.17229164646453,14.0,2.618571519851685,1463.5761871775578,10,LOW,0,0.050613683255842916,LOW,0.08536776225253061
2090,13.037201495130269,80.17225409366608,13.0,3.7006449699401855,2424.624722158956,50,LOW,0,0.028984903005491246,LOW,0.07564204061131471
2095,13.048503667129577,80.17221650545085,15.0,0.9263692498207092,1775.0515124719982,10,LOW,0,0.012447945532728141,LOW,0.07913625047564793
2097,13.053024533141537,80.17220146024633,12.0,2.618571519851685,1438.9020748684736,50,LOW,0,0.05872119425489799,LOW,0.10198162752361752
2098,13.05528496554988,80.17219393551844,9.0,1.309969782829285,1189.5797242237577,50,LOW,0,0.04444278821703686,LOW,0.3792998827688122
2104,13.068847551629029,80.17214875738854,12.0,1.8522543907165527,218.2888028514234,50,MODERATE,1,0.3234660687198612,LOW,0.6458178584625046
2106,13.073368410464946,80.1721336866723,15.0,0.9263692498207092,461.2035015904066,40,MODERATE,1,0.18541114888610186,MODERATE,0.861845833452699
2107,13.075628839284398,80.17212614918772,10.0,1.8522543907165527,673.5650311522031,50,MODERATE,1,0.09510804931579428,MODERATE,0.7453366156344994
2108,13.077889267704771,80.17211861028542,10.0,2.618571519851685,894.3985853144115,50,LOW,0,0.07125698905319276,LOW,0.351857804590584
2114,13.091451829842574,80.17207334709607,13.0,1.309969782829285,2291.164951227334,40,LOW,0,0.06038296146044622,LOW,0.1376717854257073
2115,13.093712255467542,80.17206579826802,17.0,1.8522543907165527,2530.775422697255,50,LOW,0,0.04957799324858146,LOW,0.10531991182038543
2127,13.12083733177999,80.17197510169292,11.0,2.777172803878784,2279.384463249046,40,LOW,0,0.0011682539682539683,LOW,0.008834920634920635
2128,13.12309775220515,80.17196753442325,10.0,1.309969782829285,2153.088005444869,40,LOW,0,0.0014,LOW,0.02626781503520634
2129,13.125358172229877,80.17195996573456,11.0,1.309969782829285,2049.629817084048,50,LOW,0,0.004872283272283272,LOW,0.02405672339053261
2219,13.00104181379238,80.17467929967496,6.0,1.8522543907165527,49.0145056947044,50,LOW,0,0.3215747623904339,MODERATE,0.7512617139971798
2229,13.023646224668784,80.17460452325417,6.0,2.0707030296325684,1112.8904157654408,50,MODERATE,1,0.08721254948754949,MODERATE,0.6603758954367026
2230,13.025906663570758,80.17459703784513,14.0,1.309969782829285,1277.867851953581,50,LOW,0,0.06211106269236518,LOW,0.1431235717832051
2235,13.037208852114588,80.17455958961239,12.0,2.0707030296325684,2227.139267744846,10,LOW,0,0.01804356976356976,LOW,0.05013412758054548
2240,13.048511030709122,80.17452210606146,16.0,3.814206600189209,1580.723397786937,10,LOW,0,0.04878193167409133,LOW,0.08943171940648775
2241,13.050771465233408,80.17451460511242,13.0,0.0,1426.4856360723904,50,LOW,0,0.04178879334950763,LOW,0.10916944620987687
2242,13.053031899359338,80.17450710275028,13.0,3.814206600189209,1302.3194997889825,50,LOW,0,0.0479061146900302,LOW,0.10754515594693026
2243,13.05529233308684,80.174499598975,12.0,0.9263692498207092,1217.460836799442,10,LOW,0,0.03902143593121853,LOW,0.14857195112765292
2250,13.071115358018192,80.1744470329744,10.0,0.9263692498207092,114.71199638571316,30,MODERATE,1,0.2849506592736468,MODERATE,0.8825121822621824
2251,13.073375788556016,80.17443951789164,12.0,2.0707030296325684,335.5455505479217,10,MODERATE,1,0.2198323635328305,MODERATE,0.8857478845578957
2252,13.07563621869484,80.17443200139518,13.0,0.9263692498207092,556.3791047101303,10,MODERATE,1,0.1324721529405269,MODERATE,0.8122751555925467
2253,13.0778966484346,80.17442448348493,15.0,5.911112308502197,784.8473271635381,50,MODERATE,1,0.17246291766000962,MODERATE,0.6630547500197013
2267,13.109542622853644,80.17431908426104,12.0,1.309969782829285,2482.3465487799085,10,LOW,0,0.0015357142857142857,LOW,0.01817400055780977
2270,13.116323892891636,80.17429646264407,12.0,3.7006449699401855,2407.8848242602485,40,LOW,0,0.006108513708513708,LOW,0.02529257964257964
2272,13.120844737582638,80.17428137449177,12.0,0.9263692498207092,2074.439245358044,10,LOW,0,0.0015928571428571428,LOW,0.00836142424523346
2273,13.123105159327656,80.17427382829315,9.0,0.9263692498207092,1934.8107428301803,40,LOW,0,0.0025523809523809522,LOW,0.05325978898718028
2274,13.125365580672264,80.17426628067946,12.0,1.309969782829285,1818.979669611647,10,LOW,0,0.010195363408521303,LOW,0.0435686609014794
2275,13.127626001616388,80.17425873165064,13.0,0.9263692498207092,1731.7278846140691,10,LOW,0,0.006221553884711779,LOW,0.027500467983286488
2280,13.138928100327664,80.17422096527744,17.0,2.777172803878784,1805.4651754983213,10,LOW,0,0.01638954534951176,LOW,0.17590553102076056
2357,12.985226008780852,80.17703657633851,18.0,2.618571519851685,1808.019951524584,10,LOW,0,0.09186166186754421,LOW,0.15769735493264905
2363,12.998788684633537,80.17699191178824,9.0,0.9263692498207092,319.0184207302672,50,LOW,0,0.19101590298432405,MODERATE,0.5960883349757191
2364,13.001049129220355,80.17698446276977,8.0,1.309969782829285,70.85149893121456,10,HIGH,2,0.3397658364511305,LOW,0.6405879365732305
2373,13.021393112632616,80.17691735824508,17.0,4.622196197509766,764.06707585749,50,HIGH,2,0.5714415662396313,HIGH,0.757824438962597
2374,13.02365355324734,80.17690989514583,13.0,1.309969782829285,924.3462927311588,50,HIGH,2,0.46741535863721817,HIGH,0.6037896811667044
2384,13.046257937517971,80.17683518668031,14.0,0.9263692498207092,1600.121945066456,10,LOW,0,0.036301368417033374,LOW,0.07717660019129174
2389,13.057560114724582,80.17679777961287,12.0,1.8522543907165527,930.7331986837694,50,LOW,0,0.1281319617139076,LOW,0.2432206475901924
2394,13.068862281968023,80.17676033731207,12.0,4.713325023651123,223.30748421856825,10,MODERATE,1,0.4249631881508066,HIGH,0.7634236792586906
2396,13.073383146073915,80.1767453505247,16.0,1.309969782829285,232.49673470748704,50,HIGH,2,0.6522601716413635,HIGH,0.9115085343068317
2397,13.075643577528426,80.1767378550164,17.0,4.713325023651123,471.48654999093264,10,HIGH,2,0.617945089295061,HIGH,0.8750734118032508
2398,13.0779040085839,80.17673035809828,12.0,0.9263692498207092,710.7692132070979,50,MODERATE,1,0.09740525760420722,MODERATE,0.6770378139044548
2402,13.0869457288141,80.17670035632632,13.0,0.0,1695.7421013811293,10,LOW,0,0.03943679528450892,LOW,0.15423228505095424
2411,13.107289575963163,80.17663276984075,16.0,3.336585760116577,2737.44549279943,10,LOW,0,0.0017857142857142857,LOW,0.014826190476190475
2415,13.116331275411564,80.17660269472756,12.0,1.309969782829285,2242.903024716699,40,LOW,0,0.0017428571428571426,LOW,0.005246222780031995
2416,13.118591699273336,80.1765951724221,10.0,2.927142381668091,2054.460611978905,40,LOW,0,0.007911544011544012,LOW,0.02412409812409812
2417,13.120852122734847,80.17658764870563,13.0,1.8522543907165527,1880.4262373361423,40,LOW,0,0.004187301587301588,LOW,0.019787677806487023
2418,13.123112545796037,80.1765801235781,13.0,2.0707030296325684,1725.165865055179,40,LOW,0,0.008120589987933441,LOW,0.02000881242522825
2419,13.12537296845684,80.17657259703948,8.0,1.309969782829285,1594.1742971962028,10,LOW,0,0.01721745090658134,LOW,0.11356319608732654
2420,13.127633390717184,80.17656506908966,17.0,2.927142381668091,1493.849429403924,10,LOW,0,0.026362725630069084,LOW,0.056569216351822965
2428,13.14571675437601,80.17650479468136,14.0,4.622196197509766,2015.9581967346965,10,LOW,0,0.016312121212121212,LOW,0.10985114145114148
2429,13.147977173029409,80.17649725402818,8.0,0.9263692498207092,2200.069836499525,80,LOW,0,0.009893939393939392,MODERATE,0.5253796536796536
2509,13.001056424192791,80.1792896272724,12.0,1.309969782829285,192.2636539435597,10,LOW,0,0.2106030868530868,LOW,0.515985307035307
2512,13.007837759505383,80.17926733436776,10.0,0.0,167.69012914636338,30,LOW,0,0.321132939516763,MODERATE,0.7082130812219047
2514,13.01235864772843,80.17925246541124,7.0,3.7006449699401855,304.8598404267106,50,MODERATE,1,0.13175171487868864,MODERATE,0.8886461030928138
2515,13.014619091244157,80.17924502882674,11.0,2.618571519851685,308.9594847378272,50,MODERATE,1,0.1292511465726194,MODERATE,0.797406393016258
2518,13.021400419407374,80.17922271064766,13.0,3.924445152282715,570.8641613512054,50,MODERATE,1,0.2420422059773234,MODERATE,0.7227971546674707
2520,13.025921302862248,80.17920782483964,11.0,2.0707030296325684,994.1092717654668,10,LOW,0,0.06333897815702018,LOW,0.16418740476997212
2523,13.032702625062353,80.17918548559348,14.0,1.8522543907165527,1525.128050171514,10,LOW,0,0.016663142753807716,LOW,0.03651337452806609
2524,13.034963065000216,80.17917803636874,12.0,3.7006449699401855,1680.2344512856755,10,LOW,0,0.04547310716526682,LOW,0.07963947300554569
2529,13.046265258720302,80.17914076917218,11.0,0.0,1469.10477075844,40,LOW,0,0.032016195256860225,LOW,0.10980405217915654
2532,13.053046570174676,80.17911839199374,12.0,0.9263692498207092,875.6673205587421,50,LOW,0,0.10623786592296106,LOW,0.1925641711203792
2535,13.059827878043668,80.17909600216792,12.0,2.0707030296325684,707.3313828212662,50,LOW,0,0.09034973560668154,LOW,0.23866149044828455
2536,13.062088313202947,80.17908853608184,11.0,2.0707030296325684,800.9751848239694,50,LOW,0,0.10613277145971736,LOW,0.23027908042640172
2540,13.0711300498531,80.17905865768176,9.0,1.8522543907165527,68.88772647965082,40,MODERATE,1,0.16943940828324955,MODERATE,0.8221967839929497
2541,13.07339048301858,80.17905118456753,11.0,0.9263692498207092,180.51370394585604,50,MODERATE,1,0.2729200430650893,MODERATE,0.9361751385920752
2542,13.075650915785104,80.17904371004745,11.0,2.777172803878784,429.9151343713629,50,HIGH,2,0.6123715609658169,HIGH,0.8870020047289752
2543,13.077911348152606,80.17903623412151,13.0,1.309969782829285,679.3165647968698,50,LOW,0,0.19555964504682985,LOW,0.47083044611784086
2545,13.08243221169031,80.17902127805176,12.0,0.9263692498207092,1178.1194256478834,50,LOW,0,0.05653859767277742,LOW,0.15879672403988768
2556,13.107296932590394,80.17893891912162,14.0,0.0,2979.520249655326,50,LOW,0,0.0021523809523809525,LOW,0.01653809523809524
2557,13.10955735936492,80.17893142350697,16.0,2.0707030296325684,2750.951716405717,10,LOW,0,0.004200000000000001,LOW,0.011658127541936757
2558,13.11181778573946,80.17892392648554,13.0,0.9263692498207092,2526.446075792037,10,LOW,0,0.0012,LOW,0.017365392499201715
2560,13.116338637288353,80.178908928222,11.0,0.9263692498207092,2094.831408410669,40,LOW,0,0.0010571428571428572,LOW,0.006185233769042984
2561,13.11859906246257,80.1789014269798,11.0,0.0,1891.695815281424,40,LOW,0,0.002912044817927171,LOW,0.02508920012449425
2562,13.120859487236553,80.17889392433055,11.0,0.9263692498207092,1701.0900873976875,40,LOW,0,0.0017716939407341884,LOW,0.009981943240055859
2563,13.123119911610234,80.1788864202742,9.0,6.522665023803711,1527.711331807189,40,LOW,0,0.007961734515920076,LOW,0.09674888995307551
2564,13.125380335583554,80.17887891481068,17.0,7.427391529083252,1378.0770447335367,90,LOW,0,0.01956984126984127,LOW,0.3485707070707071
2565,13.12764075915644,80.17887140793994,9.0,2.618571519851685,1260.6707615832693,90,LOW,0,0.013373232323232322,LOW,0.2690555555555555
2566,13.129901182328837,80.1788638996619,12.0,2.0707030296325684,1185.1097826785344,50,LOW,0,0.017788103299070757,LOW,0.04274880782734409
2574,13.147984553282557,80.17880378276789,13.0,0.9263692498207092,2045.3514295481225,10,LOW,0,0.00429047619047619,LOW,0.08196266282147202
2657,13.00784503794509,80.18157256287228,6.0,0.9263692498207092,73.75092514567675,10,LOW,0,0.32398528758822864,MODERATE,0.7003124176477116
2659,13.012365928783495,80.18155773566747,7.0,3.336585760116577,56.2657043967916,10,MODERATE,1,0.23694561717324875,MODERATE,0.7893714166858901
2660,13.014626373606935,80.18155031996474,6.0,2.927142381668091,58.99715506148087,50,MODERATE,1,0.29903483867698094,MODERATE,0.8452979320495744
2661,13.01688681803312,80.18154290286175,8.0,2.777172803878784,77.3346519247974,10,LOW,0,0.30166530234703604,LOW,0.6398386692046134
2663,13.021407705693438,80.18152806445464,14.0,2.618571519851685,435.1899132304233,50,MODERATE,1,0.2785270487738311,LOW,0.5973350023097037
2664,13.023668148927449,80.18152064315042,14.0,1.8522543907165527,660.0058228286837,50,MODERATE,1,0.22286030916599237,LOW,0.39612839411068046
2682,13.064356059101874,80.18138682012516,14.0,0.9263692498207092,774.7722259505541,50,LOW,0,0.1147615690172524,LOW,0.20340570893911114
2683,13.066616494772065,80.1813793722005,11.0,2.0707030296325684,587.3017831569069,50,LOW,0,0.17230458623815453,LOW,0.3891234658246269
2686,13.073397799389952,80.18135702001615,10.0,3.336585760116577,158.9204772953566,50,MODERATE,1,0.16832832324945254,MODERATE,0.9130155159464394
2687,13.075658233464807,80.18134956648439,12.0,3.7006449699401855,407.5703376668423,50,MODERATE,1,0.2863061409531496,MODERATE,0.8860879558293084
2688,13.077918667140668,80.18134211155068,13.0,1.309969782829285,656.0775860719272,50,LOW,0,0.18418612412330898,LOW,0.4320532601459182
2698,13.100522981940449,80.18126748509415,16.0,1.309969782829285,2741.186984705583,10,LOW,0,0.006549999999999999,LOW,0.03267174170555092
2700,13.10504384010605,80.18125254297358,14.0,2.927142381668091,3129.704641271637,10,LOW,0,0.00995064935064935,LOW,0.027526839826839823
2706,13.118606405004924,80.18120768294455,12.0,2.0707030296325684,1749.6335927655712,40,LOW,0,0.007845333218559025,LOW,0.018177589269299212
2707,13.120866831087696,80.18120020136257,13.0,0.9263692498207092,1541.5615903437604,40,LOW,0,0.004038360607400854,LOW,0.012370038478151095
2708,13.123127256770193,80.18119271837745,13.0,1.8522543907165527,1347.8154787331262,90,LOW,0,0.002053113553113553,LOW,0.24742100677100673
2709,13.125387682052343,80.18118523398911,12.0,1.8522543907165527,1175.5003158664097,90,LOW,0,0.0022435897435897434,LOW,0.21293291153291147
2807,13.019154526555178,80.18384081867218,8.0,2.0707030296325684,101.3830697265726,50,LOW,0,0.44933781640101156,HIGH,0.6791279186694219
2809,13.023675416028892,80.18382601925549,8.0,2.0707030296325684,540.4746355873207,50,HIGH,2,0.28999070143388994,LOW,0.58111703608851
2810,13.025935860169534,80.18381861745229,11.0,0.9263692498207092,675.156595155608,10,LOW,0,0.14077398746465242,LOW,0.37119880119805404
2831,13.07340509518798,80.18366285686666,12.0,2.777172803878784,131.7840223764431,10,MODERATE,1,0.19483132149664928,MODERATE,0.8541876992425383
2832,13.075665530567482,80.18365542432325,13.0,1.309969782829285,380.291270781528,50,HIGH,2,0.5770903852289455,HIGH,0.9036361905068407
2833,13.077925965548022,80.18364799038184,8.0,1.309969782829285,628.798519186613,50,HIGH,2,0.5253680700891992,HIGH,0.7535574099332175
2851,13.118613726900335,80.18351394031238,11.0,0.9263692498207092,1633.6836781685345,40,LOW,0,0.0011050272740675215,LOW,0.008315276573389192
2852,13.12087415428822,80.18350647979774,11.0,0.0,1408.5868053491397,40,LOW,0,0.018876719350107422,LOW,0.03729003812303718
2853,13.123134581275847,80.1834990178839,12.0,1.8522543907165527,1193.4451039294254,40,LOW,0,0.009741448148230051,LOW,0.04991924848918743
2854,13.125395007863156,80.18349155457081,11.0,2.0707030296325684,994.7389828404932,90,LOW,0,0.008045609945609945,LOW,0.21956653346653343
2950,13.014640876899286,80.18616090643766,7.0,2.618571519851685,440.9275042912118,10,LOW,0,0.1731474769030122,LOW,0.49996471259011543
2951,13.01690132392991,80.18615353110627,13.0,1.8522543907165527,237.9887708708888,10,LOW,0,0.24710138855138844,LOW,0.4366948902969026
2953,13.02142221679925,80.18613877626606,17.0,7.812409400939941,187.31014991160296,50,HIGH,2,0.3975957257482799,HIGH,0.7581098482528825
2954,13.023682662637844,80.18613139675713,8.0,2.618571519851685,332.04118612692,50,HIGH,2,0.2591061616890935,MODERATE,0.7223587957460292
2956,13.028203553122545,80.18611663356126,14.0,1.309969782829285,626.3823427316581,50,LOW,0,0.20979495328004832,LOW,0.37243961034542633
2969,13.057589302484054,80.18602053697221,11.0,3.336585760116577,86.92457258814211,50,LOW,0,0.25161058968299127,LOW,0.38309796061804247
2976,13.0734123704126,80.18596869511508,11.0,0.9263692498207092,104.50495549112894,50,HIGH,2,0.5693303298006246,HIGH,0.8426909812011677
2977,13.075672807093076,80.18596128356009,11.0,1.309969782829285,348.3135842844343,50,MODERATE,1,0.33847955748379416,MODERATE,0.8908005208709235
2980,13.082454114740566,80.18593904053063,15.0,1.8522543907165527,855.2125565511087,10,LOW,0,0.05587160651227146,LOW,0.17676802661687238
2984,13.091495852682272,80.18590936363874,10.0,1.309969782829285,1624.1668878592511,30,LOW,0,0.09236337950404645,LOW,0.1925777486449467
2989,13.102798016122469,80.18587223614807,17.0,4.713325023651123,2779.598596842824,50,LOW,0,0.033107885578473814,LOW,0.11526217638570578
2991,13.10731887870096,80.18585737538888,18.0,2.927142381668091,2775.0053823817475,10,LOW,0,0.006253968253968254,LOW,0.025925396825396827
2992,13.109579309390472,80.18584994291699,18.0,2.0707030296325684,2528.0129153422245,50,LOW,0,0.004077777777777777,LOW,0.03612094805475727
2993,13.111839739680068,80.18584250905015,15.0,1.309969782829285,2281.675640406961,50,LOW,0,5.714285714285714e-05,LOW,0.005569360753169969
2996,13.118621028148754,80.18582019907934,12.0,1.309969782829285,1549.7183652827962,50,LOW,0,0.005620778189818438,LOW,0.010140160023272643
2999,13.125402313015933,80.18579787655183,11.0,1.309969782829285,849.8295684212512,90,LOW,0,0.010737312687312687,LOW,0.24277829392829384
3099,13.02368988875425,80.18843677565143,13.0,1.309969782829285,123.33049532973814,50,HIGH,2,0.37079480142309074,LOW,0.489186115004149
3101,13.028210781832565,80.18842205426286,10.0,1.309969782829285,435.3269871000329,50,LOW,0,0.2758548035572628,LOW,0.5292566324998492
3108,13.044033895079584,80.1883704856519,16.0,3.7006449699401855,1585.4363346988234,50,LOW,0,0.032262698679009834,LOW,0.05861052231837647
3113,13.055336106887903,80.1883336092538,11.0,2.927142381668091,388.2472557557032,50,LOW,0,0.22818835183363367,LOW,0.4824402087309248
3114,13.05759654805478,80.18832622980578,9.0,0.9263692498207092,138.70076192157845,30,HIGH,2,0.6571111180860107,HIGH,0.8190890442933487
3115,13.05985698882324,80.18831884896818,11.0,2.0707030296325684,110.84573191254634,50,LOW,0,0.19578136267560636,LOW,0.3135669025465664
3133,13.100544854453798,80.18818575620018,20.0,5.839084625244141,2473.5044800465985,10,LOW,0,0.02591212121212121,LOW,0.16433910533910542
3137,13.109586584801065,80.18815611884881,14.0,2.618571519851685,2499.710773573136,50,LOW,0,0.005105194805194805,LOW,0.017379292929292932
3141,13.118628308750116,80.1881264592415,15.0,0.0,1503.1073358464105,50,LOW,0,0.0048383606074008535,LOW,0.025965854215157624
3143,13.123149168324026,80.18811162109067,9.0,3.336585760116577,1007.3333702673305,40,LOW,0,0.007677558735275423,LOW,0.03930297856504308
3144,13.125409597510608,80.18810419992823,7.0,2.0707030296325684,761.521468340559,80,LOW,0,0.02857758907758908,LOW,0.391897718947719
3151,13.141232590603623,80.18805221282801,13.0,1.309969782829285,821.1296543671206,50,LOW,0,0.03368143505842439,LOW,0.1293749273508478
3224,12.978488050383064,80.19088864717938,14.0,0.0,2951.404585606434,50,LOW,0,0.03648975468975469,LOW,0.08229487734487734
3239,13.012394848262764,80.19077883065518,12.0,0.9263692498207092,900.0518323341884,10,LOW,0,0.14974851848918347,LOW,0.2561677921105233
3245,13.02595754240909,80.19073481683624,6.0,4.136011123657227,82.26639259996138,50,HIGH,2,0.758593679822481,HIGH,0.890291836992968
3246,13.028217990042632,80.19072747635325,13.0,3.336585760116577,269.07701140605,50,HIGH,2,0.5550599590045407,HIGH,0.759218203380587
3260,13.059864215139656,80.19062456415226,13.0,0.9263692498207092,73.83418564787901,50,LOW,0,0.23214363022598314,LOW,0.3254623709623709
3261,13.06212465680312,80.19061720288984,10.0,0.9263692498207092,61.52855376478545,50,LOW,0,0.25489482427931415,LOW,0.39011136486769493
3267,13.075687298412769,80.19057300621192,8.0,3.924445152282715,52.11758187631018,50,LOW,0,0.3471858483926446,HIGH,0.6599498824287839
3268,13.07794773728526,80.1905656352478,13.0,2.0707030296325684,156.38991643445567,50,MODERATE,1,0.17360307017042315,MODERATE,0.862838532437356
3269,13.080208175758775,80.19055826289747,13.0,3.336585760116577,321.289418416935,50,LOW,0,0.21839911621987473,MODERATE,0.7302779341108138
3274,13.091510362139609,80.19052138035075,14.0,2.927142381668091,1443.0281695376834,10,LOW,0,0.2238427853582899,LOW,0.2655795209668068
3282,13.109593839579263,80.19046229617163,16.0,2.927142381668091,2496.2489064390425,50,LOW,0,0.0028,LOW,0.015061111111111112
3285,13.116375137023107,80.19044011671988,10.0,1.309969782829285,1746.9521706579094,50,LOW,0,0.001415405784446032,LOW,0.025146468356020205
3287,13.120895999985493,80.19042532348267,11.0,2.0707030296325684,1247.8905169706302,50,LOW,0,0.00760641831738578,LOW,0.020299723578259845
3288,13.123156430866436,80.19041792478306,13.0,3.814206600189209,998.71175533016,10,LOW,0,0.026318358326891708,LOW,0.06909393355681476
3289,13.12541686134713,80.19041052469606,15.0,3.336585760116577,750.0797278450283,80,LOW,0,0.014077716727716726,LOW,0.36651552336552345
3369,12.978495209730104,80.19319361163917,9.0,2.0707030296325684,2703.4863623566825,50,LOW,0,0.02118366025849897,LOW,0.09024379927633383
3391,13.028225177752685,80.19303289982852,8.0,1.309969782829285,102.93913883845543,10,HIGH,2,0.7065050449474681,HIGH,0.8695307945401297
3392,13.03048562627816,80.19302557887035,7.0,2.0707030296325684,300.5630477727808,50,MODERATE,1,0.10284137773723533,MODERATE,0.7138458288041307
3405,13.05987142090456,80.19293028072207,13.0,1.309969782829285,138.17412921267373,50,LOW,0,0.22340937082525317,LOW,0.36100286546786553
3406,13.062131863857829,80.19292294042457,12.0,1.309969782829285,35.91289869739856,50,LOW,0,0.128750311583841,LOW,0.22730378109812893
3410,13.071173631685284,80.19289356541566,10.0,3.336585760116577,474.3152718767456,50,MODERATE,1,0.13257319661877878,MODERATE,0.6997780333797085
3411,13.07343407264543,80.1928862182084,10.0,3.7006449699401855,287.58316651539843,50,MODERATE,1,0.11313165003595117,MODERATE,0.8370527395124815
3413,13.077954953369202,80.19287151964744,7.0,0.0,32.22628809858053,10,MODERATE,1,0.13995988651871002,MODERATE,0.874907609057609
3414,13.080215393132702,80.19286416829361,8.0,0.9263692498207092,169.66474989673978,50,MODERATE,1,0.1861321306402576,MODERATE,0.8516999148601184
3415,13.082475832497192,80.19285681555746,12.0,2.927142381668091,414.048527769344,50,LOW,0,0.12473472151933084,MODERATE,0.6310459493977664
3418,13.089257148195967,80.19283474905457,16.0,0.9263692498207092,1159.7844636297395,10,LOW,0,0.03340700541288777,LOW,0.14456456827606295
3419,13.091517585963782,80.19282739078858,16.0,4.622196197509766,1408.4632187880873,10,LOW,0,0.18996465075676722,LOW,0.26511957769445277
3429,13.114121941668166,80.19275373207498,12.0,1.309969782829285,2023.450545493383,50,LOW,0,0.0016795661854485382,LOW,0.018173293367396703
3430,13.11638237503982,80.19274635859693,14.0,2.0707030296325684,1777.5113327196798,50,LOW,0,0.0038231630390117965,LOW,0.020056334840667732
3431,13.11864280801144,80.1927389837356,13.0,4.976532936096191,1532.886481718824,50,LOW,0,0.02246074661493217,LOW,0.06578590849009402
3432,13.120903240582956,80.19273160749094,6.0,2.0707030296325684,1290.323755390769,50,LOW,0,0.02185215328769992,LOW,0.16243900863883026
3434,13.12542410452544,80.19271685085135,8.0,2.927142381668091,818.733320138238,50,LOW,0,0.03657339205905079,LOW,0.10452463778171431
3435,13.127684535896275,80.19270947045631,11.0,2.0707030296325684,600.4320755872433,40,LOW,0,0.031651640854074944,LOW,0.18815181340105053
3440,13.138986686743833,80.19267254772619,8.0,2.0707030296325684,277.8796764581903,40,LOW,0,0.06597454163483574,LOW,0.34342670979033413
3449,13.159330533021436,80.19260599962236,20.0,2.0707030296325684,1869.1552042971648,50,LOW,0,0.008699580922222432,LOW,0.2328403331359962
3518,12.987544180447472,80.19546949014983,7.0,3.336585760116577,2426.3120238647484,50,LOW,0,0.10226800424784294,LOW,0.24752824289527325
3537,13.030492794773943,80.19533102463627,7.0,2.0707030296325684,212.46288662081665,50,LOW,0,0.13824193068713192,MODERATE,0.6146330565774197
3544,13.046315932317215,80.19527988573658,14.0,2.0707030296325684,1228.3933340668384,50,LOW,0,0.01208345235763052,LOW,0.04621061994489907
3550,13.059878606117898,80.19523599867364,14.0,0.9263692498207092,101.8600715752832,10,LOW,0,0.19815353812853817,LOW,0.3022523948273949
3551,13.06213905035729,80.19522867934111,15.0,0.9263692498207092,123.04542957943436,50,LOW,0,0.15645381843541242,LOW,0.2372007852362692
3558,13.077962148872151,80.19517740542932,6.0,2.0707030296325684,75.95626903065956,10,MODERATE,1,0.23150154019922917,MODERATE,0.8618095846031701
3559,13.080222589921956,80.19517007507206,14.0,2.618571519851685,169.89697879160462,50,MODERATE,1,0.11165048832372361,MODERATE,0.8650746320072791
3573,13.111868722696398,80.19506730531464,10.0,0.9263692498207092,2320.961510570254,10,LOW,0,0.0005714285714285714,LOW,0.018261505471753915
3574,13.114129157754665,80.19505995427559,11.0,1.8522543907165527,2080.1578693546267,10,LOW,0,0.0027357142857142853,LOW,0.010304880788690003
3575,13.11638959241298,80.19505260185727,10.0,2.0707030296325684,1841.8065015976576,50,LOW,0,0.008469833035681796,LOW,0.03341908117985331
3576,13.118650026671286,80.19504524805964,12.0,1.8522543907165527,1606.9989474846664,50,LOW,0,0.007906492475532724,LOW,0.011495074553187174
3577,13.120910460529515,80.19503789288261,11.0,2.0707030296325684,1377.548563610825,40,LOW,0,0.020936990961116318,LOW,0.029474622071579394
3578,13.1231708939876,80.19503053632614,11.0,1.8522543907165527,1156.6479468687396,50,LOW,0,0.002613226370008273,LOW,0.02107348471190192
3579,13.125431327045485,80.19502317839016,13.0,2.777172803878784,950.2783281150282,50,LOW,0,0.014820050883649924,LOW,0.03127877172613036
3580,13.127691759703092,80.19501581907461,8.0,2.927142381668091,720.3699220397559,50,LOW,0,0.027385671378846687,LOW,0.09982804436244218
3581,13.129952191960372,80.19500845837943,11.0,1.8522543907165527,488.740260752733,50,LOW,0,0.027469147519147523,LOW,0.14310959340303733
3582,13.132212623817257,80.19500109630458,9.0,3.336585760116577,283.9862277482047,50,LOW,0,0.08515767777715925,LOW,0.3202219104591185
3583,13.134473055273672,80.19499373284997,8.0,0.9263692498207092,146.28677621822624,50,LOW,0,0.17195643914908623,LOW,0.45613786181139127
3584,13.13673348632957,80.19498636801553,10.0,1.8522543907165527,75.03215272270766,60,LOW,0,0.20000449954556834,LOW,0.3659913489706531
3588,13.145775206546608,80.19495689487857,8.0,2.0707030296325684,387.3322564047349,50,LOW,0,0.031113323571852983,LOW,0.22307484654148738
3600,13.1729003287001,80.19486834296157,9.0,3.7006449699401855,2624.2015114315204,40,LOW,0,0.004871056704184147,LOW,0.04748600340182157
3641,12.937821122680065,80.19793379120266,2.0,0.0,2438.747932748066,50,LOW,0,0.02179148629148629,LOW,0.3676799922299922
3649,12.95590484715977,80.19787595871259,4.0,1.8522543907165527,2126.176330023342,50,LOW,0,0.02435127465127465,LOW,0.432097893234226
3658,12.97624900694718,80.19781079226738,9.0,3.336585760116577,2259.0240002325845,50,LOW,0,0.03685883841367712,LOW,0.11817811247014282
3685,13.03728129366059,80.19761462612452,14.0,1.309969782829285,616.8925910340555,10,LOW,0,0.08062815927850168,LOW,0.22091033297312035
3693,13.055364878540852,80.19755631061645,15.0,2.0707030296325684,590.9117526582928,50,LOW,0,0.041786244058308324,LOW,0.15909988936715277
3695,13.059885770779616,80.19754171800304,15.0,0.9263692498207092,100.53187026004204,50,LOW,0,0.10842526398332854,LOW,0.16548796102344493
3696,13.06214621630145,80.19753441963555,13.0,2.0707030296325684,19.49585689179928,50,LOW,0,0.06476036610343061,LOW,0.1163226502231341
3703,13.077969323794054,80.19748329258952,6.0,0.9263692498207092,29.980447173226096,10,MODERATE,1,0.1602862526362527,MODERATE,0.8422048118548118
3709,13.091531971802862,80.1974394158081,17.0,0.0,1444.5083448213095,10,LOW,0,0.08950206605903734,LOW,0.1638194100688149
3722,13.120917659825103,80.19734417965373,12.0,2.0707030296325684,1501.78050875844,10,LOW,0,0.016688007211233015,LOW,0.020550849342559283
3723,13.12317809456624,80.1973368441689,9.0,0.9263692498207092,1275.8676792182362,50,LOW,0,0.004869151479381658,LOW,0.049845712145538595
3724,13.125438528907198,80.19732950730854,9.0,0.0,1047.7464162548176,50,LOW,0,0.002115771526001705,LOW,0.03972191854783196
3725,13.127698962847909,80.19732216907255,9.0,3.7006449699401855,832.2900760407388,50,LOW,0,0.017667450237181945,LOW,0.07365396915304867
3726,13.129959396388305,80.19731482946088,8.0,2.0707030296325684,635.6581589734784,50,LOW,0,0.03264819022594075,LOW,0.1076068799940918
3727,13.132219829528328,80.19730748847348,7.0,3.814206600189209,470.5017414788852,50,LOW,0,0.06719642743394975,LOW,0.2402484403259046
3728,13.134480262267909,80.19730014611028,8.0,2.0707030296325684,387.2117761664576,50,LOW,0,0.028980895215895218,LOW,0.1726191189357599
3729,13.13674069460699,80.19729280237122,6.0,2.618571519851685,248.0262366647431,50,LOW,0,0.09191111173140583,LOW,0.3329232367137031
3730,13.139001126545503,80.19728545725624,10.0,2.0707030296325684,142.05496393745244,10,LOW,0,0.1312424154277095,LOW,0.35083022500375444
3731,13.141261558083382,80.1972781107653,8.0,3.336585760116577,40.33191691950064,30,LOW,0,0.3044687494995543,LOW,0.5573380554258263
3732,13.143521989220568,80.19727076289831,7.0,3.336585760116577,54.50762745338599,50,LOW,0,0.3636088882496931,LOW,0.631494062196833
3734,13.1480428502926,80.19725606303598,9.0,2.0707030296325684,553.7462989944394,10,LOW,0,0.046583333333333324,LOW,0.1998683062106975
3786,12.937828197769834,80.2002383856467,4.0,0.0,2217.9424387980807,40,LOW,0,0.023944227994227994,LOW,0.3193963773069035
3793,12.953651467016336,80.2001879323646,4.0,1.309969782829285,1943.519991618313,50,MODERATE,1,0.014555975505975507,MODERATE,0.5862079942443276
3794,12.95591193247068,80.20018071928476,3.0,1.309969782829285,1880.6115522309576,50,LOW,0,0.015457562807562808,LOW,0.49899546233179537
3803,12.976256103758567,80.200115740035,8.0,1.8522543907165527,2017.658940805166,50,LOW,0,0.09276857257929362,LOW,0.19211063079133867
3807,12.98529794737136,80.2000868248099,9.0,2.618571519851685,1914.894701129708,50,LOW,0,0.03465791112434648,LOW,0.13897252605842195
3823,13.021465258382046,80.19997094499612,15.0,1.309969782829285,790.8695372399861,50,LOW,0,0.1912481119949718,LOW,0.2780132212802905
3841,13.062153361690257,80.19984016130392,13.0,3.336585760116577,94.463280314054,50,LOW,0,0.15405279732086188,LOW,0.19505170832719226
3845,13.07119514490772,80.19981103799384,8.0,3.924445152282715,698.3470234106813,10,LOW,0,0.08616259744814607,LOW,0.33175648177276185
3848,13.077976478134843,80.19978918112407,10.0,2.0707030296325684,38.01202419215146,10,LOW,0,0.10385733265860672,LOW,0.3419223650986325
3860,13.105101775127016,80.19970163029217,12.0,1.309969782829285,2964.9729586732783,50,LOW,0,0.006426984126984127,LOW,0.02225190043570965
3861,13.107362213946848,80.19969432547863,13.0,1.309969782829285,2953.283389810523,50,LOW,0,0.0,LOW,0.00993126551507473
3867,13.120924838469673,80.19965046780034,10.0,3.924445152282715,1606.7601137285485,50,LOW,0,0.006814970169155729,LOW,0.03560557770976327
3868,13.12318527449018,80.19964315338724,6.0,3.814206600189209,1388.0245966732948,50,LOW,0,0.03906208501643285,LOW,0.17702489523359094
3870,13.127706145330649,80.19962852044615,9.0,1.309969782829285,988.1710136285932,50,LOW,0,0.0031578960681262467,LOW,0.03973682538013009
3871,13.129966580150484,80.19962120191805,13.0,1.309969782829285,817.7973745622281,50,LOW,0,0.020330706590936772,LOW,0.06907694585891518
3874,13.136747882207622,80.19959923810282,8.0,0.0,472.1470581255134,50,LOW,0,0.02820230880230881,LOW,0.16030610792716057
3875,13.139008315425665,80.19959191408721,9.0,1.309969782829285,370.4240111075617,50,LOW,0,0.029006400266400265,LOW,0.19020063785162655
3876,13.141268748243096,80.1995845886996,8.0,1.8522543907165527,279.0240193351325,50,LOW,0,0.04218103070132481,LOW,0.24018194467241114
3877,13.143529180659854,80.1995772619399,9.0,2.0707030296325684,265.0430665935859,50,LOW,0,0.05037213681743095,LOW,0.26037950877497523
3878,13.14578961267588,80.19956993380804,6.0,2.927142381668091,399.47436494605387,10,LOW,0,0.09528203626955854,LOW,0.3927400847925492
3879,13.1480500442911,80.19956260430399,5.0,1.309969782829285,611.4832044698971,40,MODERATE,1,0.07492658045189687,LOW,0.3624792118921865
3891,13.17517519238797,80.19947454320149,6.0,3.814206600189209,2465.002094634934,50,LOW,0,0.020769369502496943,LOW,0.1940850127258309
3934,12.944616659804463,80.20252142909256,1.0,1.309969782829285,1715.5388673197845,80,MODERATE,1,0.0261489121989122,MODERATE,0.7314733655233657
3935,12.946877128113766,80.20251424224504,2.0,2.927142381668091,1683.2109878987003,80,MODERATE,1,0.05076219923866982,MODERATE,0.7358127872127872
3936,12.949137596027931,80.20250705403451,1.0,2.0707030296325684,1663.8734467166214,80,LOW,0,0.030681668331668334,MODERATE,0.6797104007104008
3938,12.953658530670614,80.2024926735241,1.0,2.0707030296325684,1698.6236315859771,50,MODERATE,1,0.006266822066822067,MODERATE,0.7910474067947757
3939,12.955918997399,80.20248548122413,2.0,1.309969782829285,1636.390489589064,50,LOW,0,0.008261266511266512,MODERATE,0.6087448910706977
3940,12.958179463732002,80.20247828756088,4.0,0.9263692498207092,1597.746174967201,50,LOW,0,0.0072932770932770934,LOW,0.39218024383024397
3948,12.976263180154284,80.20242068917035,5.0,0.9263692498207092,1778.5667357606076,50,LOW,0,0.0361326501385325,LOW,0.20957841148891565
3949,12.97852364292589,80.20241348323508,8.0,1.8522543907165527,1717.0006423461548,50,LOW,0,0.06743100459172566,LOW,0.167582890403072
3951,12.983044567280947,80.2023990672729,10.0,2.0707030296325684,1671.7384401788256,50,LOW,0,0.02251101357744893,LOW,0.10709538732414033
3952,12.985305028864271,80.2023918572459,9.0,3.336585760116577,1664.8952339716216,50,LOW,0,0.04301468590787047,LOW,0.1302169721902055
3977,13.04181643950754,80.20221116310698,17.0,6.713759422302246,327.4391179110807,50,LOW,0,0.1761972905120113,LOW,0.3876964537777383
3986,13.062160486523643,80.20214590434229,11.0,2.0707030296325684,39.60725482904412,50,LOW,0,0.062237545381789064,LOW,0.11002214773584029
3991,13.073462720924692,80.20210960166423,13.0,3.924445152282715,444.332427117332,50,LOW,0,0.09809746117500844,LOW,0.4704839824110474
4000,13.093806717721364,80.20204417075924,13.0,3.336585760116577,1769.9185454329968,50,LOW,0,0.23478695744243325,LOW,0.3162134947917052
4002,13.0983276015077,80.20202961552401,12.0,2.0707030296325684,2254.447750966639,50,LOW,0,0.047083025491132885,LOW,0.12529180353630323
4005,13.105108924191295,80.20200777241854,15.0,2.0707030296325684,2990.8057724290384,50,LOW,0,0.002733333333333333,LOW,0.02185348773729695
4006,13.107369364286669,80.2020004886491,12.0,3.924445152282715,3054.437334749437,50,LOW,0,0.009798989898989897,LOW,0.027805916305916306
4009,13.114150682174378,80.20197862913717,17.0,2.777172803878784,2391.787899346858,50,LOW,0,0.0037682539682539684,LOW,0.02086984126984127
4014,13.12545287065542,80.20194216926818,10.0,0.9263692498207092,1341.231750773136,50,LOW,0,0.008123119733349914,LOW,0.05323618833601478
4015,13.12771330715128,80.20193487319149,7.0,4.136011123657227,1168.851232170751,50,LOW,0,0.030362369819349228,LOW,0.19255453722902238
4019,13.136755049131413,80.20190567520638,7.0,2.0707030296325684,700.5161052956225,50,LOW,0,0.020450595325911786,LOW,0.16107357863655333
4020,13.1390154836253,80.2018983722902,9.0,0.9263692498207092,598.7930582776709,50,LOW,0,0.0326508658008658,LOW,0.13285238879478012
4021,13.141275917718602,80.20189106800598,9.0,0.9263692498207092,527.615743894114,10,LOW,0,0.039090043290043286,LOW,0.16781241765480892
4022,13.143536351411251,80.20188376235362,9.0,2.927142381668091,512.3715183810151,50,LOW,0,0.04153232084050877,LOW,0.1368395853229784
4023,13.145796784703188,80.20187645533305,11.0,2.0707030296325684,593.1749437963373,50,LOW,0,0.017450701597253322,LOW,0.11262409438803742
4024,13.14805721759435,80.20186914694426,9.0,0.9263692498207092,752.4549521715628,30,LOW,0,0.0156701047744526,LOW,0.15172122706790225
4078,12.942363228023892,80.2048332532593,2.0,2.0707030296325684,1548.3889048239496,50,LOW,0,0.008589044289044289,MODERATE,0.5157136652894719
4079,12.94462369799852,80.20482608853499,3.0,3.7006449699401855,1471.3431916529407,50,LOW,0,0.028612255426771566,LOW,0.4480253912576495
4080,12.946884167578098,80.20481892245165,2.0,1.309969782829285,1434.0433933616805,50,MODERATE,1,0.004703907203907204,MODERATE,0.7888821667579734
4081,12.94914463676257,80.2048117550092,2.0,0.9263692498207092,1414.186762902916,50,LOW,0,0.00401978021978022,MODERATE,0.5882171439671443
4082,12.951405105551864,80.20480458620763,1.0,2.0707030296325684,1422.686736431468,50,MODERATE,1,0.0015054945054945054,MODERATE,0.90332697167434
4083,12.953665573945925,80.20479741604683,4.0,1.309969782829285,1454.5882816000756,50,MODERATE,1,0.014993002457518589,MODERATE,0.7406838250160835
4084,12.955926041944682,80.20479024452678,-1.0,2.0707030296325684,1394.2194441516522,50,MODERATE,1,0.0036656343656343653,MODERATE,0.8966187521161201
4085,12.958186509548067,80.20478307164738,1.0,1.309969782829285,1348.6537226639482,50,MODERATE,1,0.002434065934065934,MODERATE,0.9045940184571759
4086,12.960446976756028,80.20477589740862,4.0,0.9263692498207092,1276.131151149809,50,MODERATE,1,0.0051192511192511185,MODERATE,0.5483088035745934
4087,12.962707443568492,80.2047687218104,2.0,1.309969782829285,1220.1784594852186,50,LOW,0,0.00611047286047286,MODERATE,0.8303959671875627
4092,12.974009771696126,80.20473282342562,4.0,1.8522543907165527,1527.1346127968748,50,LOW,0,0.016116807737206217,LOW,0.16669389025429956
4093,12.97627023613427,80.2047256396695,4.0,1.309969782829285,1540.956554120591,50,LOW,0,0.015162839483237964,LOW,0.18403545702086635
4094,12.978530700176467,80.20471845455354,5.0,2.0707030296325684,1471.6886248143549,30,LOW,0,0.04622065574105421,LOW,0.17814089802550084
4109,13.012437613252352,80.20461051459151,11.0,0.0,222.85562553827447,10,LOW,0,0.057962681762681746,LOW,0.3386246054198228
4116,13.028260808800733,80.20456003783997,8.0,2.927142381668091,61.73952459630985,50,HIGH,2,0.7103400470368821,HIGH,0.8090957392359568
4118,13.032781718238724,80.20454560366095,12.0,1.309969782829285,188.62637440215929,50,LOW,0,0.04723191026102741,LOW,0.34740135535355354
4126,13.050865340083536,80.20448781248703,14.0,3.336585760116577,1151.0156033690605,50,LOW,0,0.03414644168052697,LOW,0.09708466824561063
4131,13.062167590801566,80.20445164874668,10.0,1.309969782829285,37.406542145150624,50,LOW,0,0.10078859433283803,LOW,0.1662842405222809
4132,13.064428039750275,80.20444441191258,7.0,1.8522543907165527,286.6761074228958,50,LOW,0,0.11687791369182078,LOW,0.4679394496149382
4135,13.071209384205456,80.20442269323702,10.0,4.136011123657227,710.8545684803032,30,LOW,0,0.053207316447411175,LOW,0.2873843286253513
4138,13.077990725072867,80.20440096230047,8.0,1.309969782829285,35.82025451124797,10,LOW,0,0.20124305931523676,LOW,0.5337185277983667
4139,13.08025117123109,80.20439371593001,11.0,4.136011123657227,284.7118621750984,10,LOW,0,0.17084071650294808,MODERATE,0.6067799218356955
4145,13.093813839801337,80.20435020909113,12.0,2.927142381668091,1717.178121688055,50,LOW,0,0.310504636746441,LOW,0.39538142839331797
4146,13.096074283165931,80.20434295318141,15.0,3.7006449699401855,1964.984021255531,50,LOW,0,0.0896231993812639,LOW,0.18151639359305397
4160,13.127720448309724,80.20424122730459,7.0,1.8522543907165527,1371.4752836702542,50,LOW,0,0.03434606065163018,LOW,0.16788512644319278
4166,13.141283066509846,80.2041975486805,8.0,3.924445152282715,777.11153835466,50,LOW,0,0.03914622335898731,LOW,0.15390863002489438
4167,13.14354350147471,80.20419026413552,9.0,4.136011123657227,761.4468586492441,50,LOW,0,0.03574415505691902,LOW,0.13033075604702038
4223,12.942370244587035,80.20713789330048,4.0,0.9263692498207092,1320.7139671104126,50,LOW,0,0.01409940984940985,LOW,0.38883249158249183
4224,12.94463071582825,80.20713074933647,1.0,2.0707030296325684,1229.4828058830576,40,LOW,0,0.007674902874902876,MODERATE,0.5562259207759215
4225,12.946891186674437,80.20712360401734,0.0,3.7006449699401855,1184.87579882466,60,MODERATE,1,0.01718917748917749,MODERATE,0.8087796614796616
4227,12.95141212718148,80.20710930931358,0.0,1.309969782829285,1174.941234147138,50,MODERATE,1,0.002243589743589743,MODERATE,0.9333095979069669
4228,12.953672596842209,80.20710215992882,0.0,0.9263692498207092,1205.776596420514,50,MODERATE,1,0.002243589743589743,MODERATE,0.8062095424069111
4229,12.955933066107656,80.20709500918873,2.0,1.8522543907165527,1155.388195579108,50,MODERATE,1,0.004819563769563769,MODERATE,0.9074736012494081
4230,12.95819353497776,80.20708785709326,-1.0,3.336585760116577,1099.9731304392535,10,MODERATE,1,0.0061285714285714285,MODERATE,0.8621095543345548
4231,12.960454003452456,80.20708070364235,3.0,0.9263692498207092,1042.0280409927827,50,MODERATE,1,0.015593060643060644,MODERATE,0.5601712355870253
4232,12.962714471531678,80.20707354883592,3.0,0.0,972.70097988644,50,MODERATE,1,0.018178991378991382,MODERATE,0.539017267333057
4233,12.96497493921536,80.20706639267394,2.0,1.309969782829285,965.1279471286824,50,LOW,0,0.028159318459318464,MODERATE,0.8667463001878962
4234,12.967235406503448,80.20705923515634,3.0,0.9263692498207092,1020.684433302286,50,LOW,0,0.01954782254782255,MODERATE,0.5391035485121951
4235,12.96949587339586,80.20705207628305,3.0,2.618571519851685,1130.097991522148,50,LOW,0,0.02723762450214063,MODERATE,0.7073734370714847
4236,12.971756339892549,80.20704491605402,5.0,2.927142381668091,1203.527750824912,50,MODERATE,1,0.05275120507361592,MODERATE,0.7100400806283763
4237,12.97401680599344,80.20703775446918,3.0,0.9263692498207092,1295.9199956804175,10,LOW,0,0.024688967894850245,LOW,0.20614171814544147
4238,12.976277271698477,80.20703059152851,2.0,2.0707030296325684,1307.6679056954672,10,LOW,0,0.0289471319530143,LOW,0.2986370858729521
4239,12.978537737007589,80.2070234272319,4.0,1.309969782829285,1228.261200312117,50,LOW,0,0.01819481306521155,LOW,0.26026879435477557
4252,13.0079237499678,80.20693016796126,13.0,2.0707030296325684,103.03052308086716,50,LOW,0,0.0805151287309182,LOW,0.17338550581971635
4253,13.010184209727248,80.2069229846757,13.0,2.0707030296325684,116.64462864799803,50,LOW,0,0.08566909698488648,LOW,0.18808111021532073
4254,13.012444669089804,80.20691580003336,10.0,3.336585760116577,5.291803909666716,10,LOW,0,0.19552874322591274,LOW,0.38519242040332285
4261,13.028267873509504,80.20686546954165,13.0,2.0707030296325684,125.4095429191632,50,LOW,0,0.14921403998862928,LOW,0.22621341020075167
4263,13.032788785482358,80.20685107718666,16.0,1.309969782829285,423.312130918934,50,LOW,0,0.0433306168605854,LOW,0.20195874797648763
4271,13.050872417467506,80.20679345346662,13.0,3.814206600189209,1073.1823688010932,50,LOW,0,0.05586164922340853,LOW,0.13688836355049439
4275,13.059914223909136,80.20676460901994,11.0,0.9263692498207092,125.45430367433472,10,LOW,0,0.18507401657510011,LOW,0.2930125825097961
4280,13.071216472998993,80.20672852290409,17.0,1.309969782829285,739.578862102959,50,LOW,0,0.10182091106070935,LOW,0.23254880773680037
4283,13.07799781766999,80.20670685493441,8.0,4.713325023651123,47.77110245808127,60,LOW,0,0.3911067066576353,LOW,0.6039725968475967
4284,13.080258265096118,80.2066996295608,13.0,0.9263692498207092,200.0111047605028,50,MODERATE,1,0.0937026179159456,MODERATE,0.749805713892122
4285,13.082518712123376,80.20669240282855,16.0,2.927142381668091,449.9802474264322,10,LOW,0,0.12899753670965064,LOW,0.5240541998341917
4286,13.08477915875169,80.20668517473763,14.0,3.336585760116577,699.959810988327,50,LOW,0,0.03707531675862624,LOW,0.21996435713582635
4288,13.089300050811245,80.20667071447951,10.0,2.927142381668091,1199.9444742860794,10,LOW,0,0.1887160297633401,LOW,0.34339089266326694
4289,13.09156049624236,80.20666348231218,14.0,1.309969782829285,1449.9407724300795,50,LOW,0,0.15669190146128503,LOW,0.2349620059087728
4290,13.093820941274275,80.20665624878595,15.0,1.8522543907165527,1699.9381593871517,50,LOW,0,0.1017802326952685,LOW,0.17889521183328314
4291,13.096081385906931,80.20664901390072,12.0,2.777172803878784,1949.9362163737608,10,LOW,0,0.17725149341530677,LOW,0.2850691652551491
4295,13.105123160443677,80.20662006076884,15.0,1.309969782829285,2943.735633643769,50,LOW,0,0.0033166666666666665,LOW,0.022601106784916003
4305,13.127727568805936,80.20654758278151,12.0,2.927142381668091,1587.6635992834647,50,LOW,0,0.0513451790884278,LOW,0.07198518905876486
4312,13.14355063085016,80.20649676728169,9.0,1.8522543907165527,1010.978765477068,50,LOW,0,0.00704544822333711,LOW,0.11562443270932732
4317,13.1548528060058,80.20646042968869,15.0,0.9263692498207092,1648.859536086729,50,LOW,0,0.010284973798131694,LOW,0.1325970008948194
4354,12.910730584292672,80.20954211770935,4.0,4.136011123657227,432.16843186973256,30,LOW,0,0.3324008852258852,LOW,0.4754201613745732
4369,12.944637713293602,80.20943541149303,0.0,2.927142381668091,991.6678639043872,90,LOW,0,0.13176608979256038,LOW,0.5111751914751914
4371,12.949158657116769,80.20942116103214,-1.0,2.0707030296325684,915.3241459911412,50,LOW,0,0.004850516150516151,MODERATE,0.6036003019503023
4372,12.951419128435688,80.2094140337748,1.0,2.777172803878784,928.405222615846,50,MODERATE,1,0.0038026085026085024,MODERATE,0.87447781980282
4373,12.953679599359411,80.20940690516615,0.0,2.777172803878784,957.5841122233688,10,MODERATE,1,0.006753113553113553,MODERATE,0.8703756782433255
4374,12.95594006988788,80.2093997752061,-2.0,5.911112308502197,916.1699382789376,50,MODERATE,1,0.016871464646464645,MODERATE,0.8300852869352869
4375,12.95820054002102,80.20939264389459,2.0,1.309969782829285,852.065086552275,50,MODERATE,1,0.0180979908979909,MODERATE,0.8939385312543212
4376,12.960461009758776,80.20938551123159,3.0,2.777172803878784,817.3947403155812,50,MODERATE,1,0.030547620062136203,MODERATE,0.6847622743095153
4377,12.96272147910108,80.209378377217,1.0,0.9263692498207092,726.9518000200292,50,MODERATE,1,0.010522810522810521,MODERATE,0.7585442959574538
4378,12.964981948047871,80.20937124185082,0.0,3.336585760116577,716.7870517867524,50,MODERATE,1,0.015436363636363633,MODERATE,0.859972711022711
4379,12.96724241659908,80.20936410513293,1.0,0.0,790.0053390110276,50,MODERATE,1,0.033578654678654674,MODERATE,0.6820517107648683
4380,12.969502884754649,80.20935696706331,3.0,3.924445152282715,900.6464333270276,50,MODERATE,1,0.05587924676876285,MODERATE,0.6750359894832302
4381,12.971763352514506,80.2093498276419,2.0,1.8522543907165527,969.7078168577664,50,MODERATE,1,0.02449358974358974,MODERATE,0.845787966854563
4382,12.974023819878589,80.20934268686862,0.0,2.618571519851685,1064.9801622802102,50,LOW,0,0.026136936300713388,LOW,0.3947470905474304
4383,12.976284286846838,80.20933554474342,1.0,2.927142381668091,1081.870418065275,50,LOW,0,0.03434869676247385,LOW,0.3798649414989199
4384,12.978544753419188,80.20932840126626,5.0,2.0707030296325684,988.0868164689724,50,LOW,0,0.04196821188861036,LOW,0.24310033111866547
4398,13.010191243826464,80.20922825059586,13.0,1.309969782829285,334.8498604680031,50,LOW,0,0.050574159320211955,LOW,0.28266049789598136
4400,13.014712164681784,80.20921392171533,9.0,1.309969782829285,89.63789590572586,10,LOW,0,0.204098768430071,LOW,0.3444014765567288
4401,13.016972624513988,80.20920675524565,9.0,1.309969782829285,5.125731205219851,10,LOW,0,0.23976852750424174,LOW,0.36871417788560645
4402,13.019233083949135,80.20919958742293,8.0,2.0707030296325684,155.36178714506062,10,MODERATE,1,0.26749108424487683,MODERATE,0.8283154318210821
4406,13.028274917717866,80.20917090260062,11.0,0.9263692498207092,189.72526274956567,50,LOW,0,0.07671515582800413,LOW,0.4203335533980735
4416,13.050879474314284,80.20909909580406,11.0,0.9263692498207092,1024.7346452150516,50,LOW,0,0.036851996237091324,LOW,0.1378593876133131
4428,13.078004889685776,80.20901274892691,11.0,5.226249694824219,46.03022491850432,10,LOW,0,0.2547411392238042,LOW,0.46527648835632707
4429,13.080265338376137,80.20900554455021,15.0,0.9263692498207092,203.9389177474251,10,MODERATE,1,0.09069449439449437,MODERATE,0.6361841356631563
4430,13.08252578666764,80.20899833881883,12.0,2.0707030296325684,453.90806041335446,50,MODERATE,1,0.05437819109655687,LOW,0.5101067432159014
4431,13.084786234560225,80.20899113173272,13.0,3.336585760116577,703.8772030792838,50,LOW,0,0.05524576029358589,LOW,0.24303278566070644
4434,13.091567575843843,80.20896950234537,14.0,0.0,1453.7846310770724,50,HIGH,2,0.16802601995716823,LOW,0.255985681048383
4435,13.093828022140125,80.20896228983975,11.0,2.0707030296325684,1703.7537737430018,50,LOW,0,0.1863979726436242,LOW,0.2758315476327498
4436,13.09608846803716,80.20895507597906,12.0,0.9263692498207092,1932.5666217372536,50,LOW,0,0.10316606390378576,LOW,0.2674592983375052
4437,13.098348913534902,80.20894786076329,13.0,4.622196197509766,2156.9742438688163,10,LOW,0,0.08713174311069051,LOW,0.19835280713438613
4446,13.11869290503538,80.20888286283265,11.0,0.9263692498207092,2401.283944184985,10,LOW,0,0.007874934886235195,LOW,0.053440697740915616
4456,13.14129730203932,80.2088105141181,7.0,4.713325023651123,1274.7638482654545,10,LOW,0,0.049277539368843715,LOW,0.3512323069040459
4457,13.14355773953756,80.20880327178813,7.0,0.9263692498207092,1260.6961608350648,40,MODERATE,1,0.020396188594014677,MODERATE,0.5795685620790662
4458,13.145818176635157,80.20879602810182,7.0,2.618571519851685,1295.641443858598,80,MODERATE,1,0.008326190476190477,MODERATE,0.8764906204906205
4459,13.14807861333204,80.2087887830591,13.0,1.8522543907165527,1375.8701581703535,50,LOW,0,0.038118055104498304,LOW,0.164275324001561
4499,12.910737542507382,80.21184647022442,2.0,0.9263692498207092,212.4871792915427,30,LOW,0,0.3044724434062669,LOW,0.5488373840212073
4500,12.912998021793705,80.21183938663611,0.0,1.309969782829285,370.4976931567589,30,LOW,0,0.32343938838938846,LOW,0.5221298035298036
4501,12.91525850068594,80.21183230170142,0.0,4.136011123657227,528.5082070219751,40,LOW,0,0.29537613693496045,LOW,0.5434505736093972
4502,12.917518979184036,80.21182521542025,-1.0,4.136011123657227,686.5187208871911,30,LOW,0,0.11450774780774786,LOW,0.4979910145410145
4503,12.919779457287918,80.21181812779254,-1.0,2.927142381668091,844.5292347524072,30,LOW,0,0.09918995302942674,LOW,0.4438935796659482
4513,12.942384216631169,80.21174717744404,-2.0,2.777172803878784,901.5762572282788,60,LOW,0,0.03756491140438509,LOW,0.3980769485493172
4514,12.94464469039452,80.21174007500076,0.0,3.336585760116577,761.6970097350415,80,LOW,0,0.1414599332711606,LOW,0.4527063745754413
4516,12.949165636736216,80.21172586607248,1.0,0.9263692498207092,666.1565514541209,40,LOW,0,0.007754056949339968,LOW,0.4000417462522681
4517,12.951426109314433,80.21171875958737,1.0,2.927142381668091,684.3870330898718,10,LOW,0,0.004766895864810461,MODERATE,0.5392260014741703
4519,12.955947053285287,80.21170454257489,4.0,0.9263692498207092,668.894341259005,50,LOW,0,0.022023104568387592,LOW,0.3834485169360046
4520,12.958207524677794,80.21169743204743,1.0,1.309969782829285,605.8786477128411,10,MODERATE,1,0.02486277221068681,MODERATE,0.8778844569076258
4521,12.960467995674936,80.2116903201724,1.0,0.9263692498207092,605.8943315126202,40,MODERATE,1,0.008336657681940701,MODERATE,0.8495625353107044
4522,12.962728466276648,80.21168320694973,1.0,3.814206600189209,485.5621925486787,50,MODERATE,1,0.02269408913937216,MODERATE,0.7962425742289589
4523,12.964988936482866,80.21167609237938,2.0,1.8522543907165527,470.2078273375127,50,LOW,0,0.022385250755533777,MODERATE,0.6078379994899723
4524,12.967249406293528,80.21166897646128,0.0,0.9263692498207092,575.6910273282433,50,MODERATE,1,0.012832184377467398,MODERATE,0.8274393719587485
4525,12.969509875708566,80.2116618591954,0.0,2.0707030296325684,654.4872542662273,30,MODERATE,1,0.014263858259141279,MODERATE,0.8330970304451988
4526,12.97177034472792,80.21165474058164,0.0,0.9263692498207092,738.3100772549998,50,MODERATE,1,0.016602469647752666,MODERATE,0.68718506347913
4527,12.97403081335152,80.21164762061997,4.0,1.309969782829285,836.2811577340076,50,LOW,0,0.04814754366794213,LOW,0.26610005781737556
4528,12.976291281579304,80.21164049931032,2.0,1.8522543907165527,869.420411184081,50,MODERATE,1,0.04118582659170893,LOW,0.3824616252224912
4529,12.978551749411212,80.21163337665264,3.0,0.0,750.5844994649904,50,LOW,0,0.05004201854790088,LOW,0.21633217319303943
4530,12.980812216847175,80.21162625264687,4.0,2.0707030296325684,688.367605940514,50,LOW,0,0.030071460491858975,LOW,0.21878872382125908
4531,12.983072683887134,80.21161912729295,3.0,1.309969782829285,672.1990097777353,50,LOW,0,0.045946713017111486,LOW,0.2664643370968723
4533,12.987593616778764,80.2116048725404,2.0,2.618571519851685,698.0868623798006,80,LOW,0,0.16311516816516808,LOW,0.4401868353868353
4535,12.992114548085596,80.21159061239457,7.0,2.927142381668091,900.7177413015586,50,LOW,0,0.14939471752784947,LOW,0.37513559886725273
4543,13.010198257454634,80.21153351786884,13.0,0.0,533.8620310215199,50,LOW,0,0.05557149471247214,LOW,0.2296049458813502
4544,13.012458719340648,80.21152637498366,11.0,1.309969782829285,423.6800315072021,10,LOW,0,0.06346217057796003,LOW,0.3001757857840478
4545,13.014719180829756,80.2115192307495,9.0,2.618571519851685,310.8769002905099,10,LOW,0,0.07863017357142325,LOW,0.5216107679206765
4546,13.016979641921887,80.21151208516629,10.0,2.0707030296325684,134.96359389690392,10,LOW,0,0.11261720138170822,LOW,0.3074205539476327
4547,13.019240102616994,80.21150493823403,8.0,4.713325023651123,70.7662909612418,50,LOW,0,0.6405858785747314,HIGH,0.7623167257381049
4548,13.021500562914994,80.21149778995262,3.0,3.924445152282715,16.90983788180696,80,HIGH,2,0.863610059271398,HIGH,0.9296636786636784
4549,13.023761022815837,80.21149064032198,2.0,0.0,6.538534011598907,80,HIGH,2,0.7420264885441354,HIGH,0.904870975429799
4550,13.026021482319443,80.2114834893421,11.0,0.9263692498207092,106.06942018460798,50,LOW,0,0.23591450513827525,LOW,0.32764205653659484
4557,13.041844687716967,80.21143339469872,16.0,0.0,764.93396800031,50,LOW,0,0.057466845471769785,LOW,0.12863844098673874
4566,13.06218878030194,80.21136889011672,16.0,1.309969782829285,113.77318806123948,50,LOW,0,0.0811404443585089,LOW,0.12942410709959098
4573,13.078011941120174,80.21131864427403,10.0,2.618571519851685,16.375565046849584,10,LOW,0,0.17343087720715136,LOW,0.36559886465013214
4574,13.08027239107108,80.2113114608943,13.0,1.309969782829285,217.1621154154456,50,MODERATE,1,0.1036285514268791,MODERATE,0.8136168183863453
4575,13.082532840623154,80.21130427616383,18.0,1.8522543907165527,461.612556661456,50,MODERATE,1,0.09245065609036145,MODERATE,0.6740554515555597
4576,13.084793289776336,80.2112970900826,13.0,2.0707030296325684,709.938673804534,50,LOW,0,0.03496060239191963,LOW,0.18888830920103356
4579,13.091574634841862,80.21127552373355,12.0,2.618571519851685,1373.549631906179,50,HIGH,2,0.5725288951090529,HIGH,0.6368971428315866
4581,13.096095529556564,80.21126113941249,11.0,1.8522543907165527,1828.7192013766312,50,LOW,0,0.13581090258536244,LOW,0.296767778689927
4583,13.100616422674149,80.21124674968688,12.0,0.9263692498207092,2301.9408199005347,10,LOW,0,0.03366589947719978,LOW,0.10628145990273043
4600,13.139043949617465,80.21112421874338,3.0,8.22935962677002,1553.4787655084403,80,LOW,0,0.07247696192696192,LOW,0.4730163059163058
4601,13.141304388777437,80.2111169988733,14.0,9.1850004196167,1522.2679181219337,80,MODERATE,1,0.00742936507936508,MODERATE,0.8616152958152963
4602,13.143564827536848,80.21110977765089,8.0,7.427391529083252,1510.5070524969444,80,MODERATE,1,0.008847619047619049,MODERATE,0.8926968975468978
4603,13.145825265895631,80.21110255507612,6.0,3.336585760116577,1539.7933292304938,80,MODERATE,1,0.004914285714285714,MODERATE,0.9229584054834059
4604,13.148085703853727,80.2110953311489,6.0,2.0707030296325684,1607.885393254895,80,MODERATE,1,0.00265,MODERATE,0.9128246392496393
4605,13.150346141411069,80.21108810586918,10.0,3.336585760116577,1710.154197416762,10,LOW,0,0.04517682510010527,LOW,0.18638602274554059
4610,13.161648323184238,80.211051959181,8.0,2.0707030296325684,2548.7814901322504,10,LOW,0,0.034773411626148165,LOW,0.23108527870959056
4614,13.170690061382686,80.21102301747946,7.0,0.0,3406.4079099308788,30,LOW,0,0.008398550724637681,LOW,0.14389536002299974
4615,13.172950494928967,80.2110157786715,8.0,2.0707030296325684,3255.807121313572,50,LOW,0,0.006360049193176635,LOW,0.11413457969325504
4616,13.1752109280738,80.21100853851037,7.0,2.927142381668091,3058.42815555558,40,LOW,0,0.012157259390386836,LOW,0.11132734539316357
4644,12.910744480412728,80.21415082408583,1.0,2.0707030296325684,18.753657390839283,40,LOW,0,0.27825109612609594,LOW,0.47830145687645664
4645,12.913004960954304,80.21414376120288,-1.0,2.0707030296325684,176.76417125605548,30,LOW,0,0.27040376290376295,LOW,0.493500616050616
4646,12.915265441101814,80.21413669697746,-1.0,0.0,334.77468512127155,30,LOW,0,0.27954257996905063,LOW,0.5396470251970251
4647,12.917525920855203,80.2141296314095,0.0,2.927142381668091,492.7851989864877,30,LOW,0,0.28508475968475977,LOW,0.4832258241758242
4648,12.91978640021441,80.21412256449896,3.0,9.36370849609375,650.7957128517039,30,LOW,0,0.11862291328742947,LOW,0.4722562629127146
4649,12.92204687917936,80.21411549624577,-1.0,0.0,705.4629825963494,30,LOW,0,0.09923276723276724,LOW,0.4634077422577424
4650,12.92430735775,80.21410842664989,-1.0,0.0,728.6472030481765,40,LOW,0,0.053605716400999426,LOW,0.4584347313064299
4651,12.926567835926257,80.21410135571125,0.0,1.8522543907165527,799.5506282882548,50,LOW,0,0.04180811254286924,LOW,0.49538048379955063
4658,12.942391172112035,80.21405182153852,1.0,3.924445152282715,731.1750337206308,50,LOW,0,0.014230648340405043,LOW,0.3868278581219248
4659,12.944651647130948,80.21404473985571,-1.0,2.618571519851685,549.5084321263121,80,LOW,0,0.0792960263834147,LOW,0.4594930204459106
4660,12.946912121754895,80.2140376568296,2.0,2.0707030296325684,440.79712342467695,80,LOW,0,0.06131643068671369,LOW,0.3903409889376871
4661,12.94917259598382,80.21403057246016,-1.0,2.927142381668091,416.9889569171006,30,LOW,0,0.044368130784002036,LOW,0.42805190721623265
4662,12.951433069817664,80.21402348674732,0.0,2.777172803878784,447.0290423929256,40,LOW,0,0.004303324348607368,LOW,0.4164932204781342
4663,12.95369354325635,80.21401639969102,0.0,1.8522543907165527,467.0199085659774,40,LOW,0,0.004127133872416891,LOW,0.43699350963342326
4664,12.955954016299826,80.21400931129122,-1.0,1.8522543907165527,424.8198720994636,40,LOW,0,0.006835957401828656,LOW,0.4796737715283911
4666,12.960474961200871,80.21399513046083,2.0,3.924445152282715,364.9410431729075,50,LOW,0,0.028248345993629017,MODERATE,0.6350881064496506
4667,12.962735433058318,80.21398803803012,-1.0,0.0,260.9259782256259,10,MODERATE,1,0.039086169386169385,MODERATE,0.8431278015586064
4668,12.96499590452029,80.21398094425568,3.0,0.9263692498207092,231.0998143006261,50,MODERATE,1,0.028708874458874458,MODERATE,0.7878932210825595
4669,12.967256375586723,80.21397384913743,2.0,2.0707030296325684,404.63796439109353,50,MODERATE,1,0.0138628897831728,MODERATE,0.7590674275965026
4670,12.969516846257562,80.21396675267533,-3.0,1.309969782829285,412.96868419917104,50,MODERATE,1,0.06227470199057325,MODERATE,0.7916070585320079
4671,12.97177731653273,80.2139596548693,1.0,1.309969782829285,507.3571231290972,50,MODERATE,1,0.018169053064336086,MODERATE,0.6784059545420297
4672,12.974037786412172,80.21395255571929,3.0,2.618571519851685,610.3708548599492,10,LOW,0,0.05019402115970266,LOW,0.47537439088783456
4673,12.976298255895822,80.21394545522524,2.0,2.927142381668091,682.8909878467134,50,MODERATE,1,0.051839394848454935,LOW,0.40309244947312584
4674,12.978558724983612,80.21393835338712,5.0,1.8522543907165527,523.283231850471,50,LOW,0,0.03900680151660066,LOW,0.23296412066104324
4675,12.98081919367548,80.21393125020482,5.0,0.9263692498207092,442.4015416374259,50,LOW,0,0.03434408913937216,LOW,0.20109553842513989
4676,12.983079661971368,80.21392414567833,5.0,2.0707030296325684,422.3141521774627,50,LOW,0,0.02943273105301407,LOW,0.232850450735052
4677,12.985340129871195,80.21391703980755,5.0,2.0707030296325684,414.90753010201246,50,LOW,0,0.03026909468937771,LOW,0.26167148554405856
4678,12.98760059737492,80.21390993259247,4.0,1.309969782829285,455.5103812543852,80,LOW,0,0.10311098613126918,LOW,0.32235792258375107
4689,13.01246571375393,80.21383166448423,13.0,4.622196197509766,603.1071981552873,10,MODERATE,1,0.13457138758363435,MODERATE,0.6450602729469126
4690,13.014726176499268,80.21382454113268,11.0,2.618571519851685,364.8953440105131,10,MODERATE,1,0.03628708325887003,MODERATE,0.6454479794805367
4691,13.016986638847662,80.21381741643604,10.0,1.8522543907165527,135.68033477835849,10,LOW,0,0.14915192066998795,LOW,0.3388372850837137
4692,13.01924710079904,80.21381029039426,9.0,4.713325023651123,74.29955944835807,50,HIGH,2,0.6636425735642065,HIGH,0.775232984564455
4695,13.026028484270457,80.21378890419749,10.0,2.618571519851685,118.9824067344834,50,LOW,0,0.23341551535157803,LOW,0.34528242650062385
4697,13.030549404598492,80.21377464000619,15.0,3.924445152282715,206.2553661751472,10,LOW,0,0.18889980652713106,LOW,0.4423459901670631
4698,13.032809864166444,80.21376750589235,14.0,0.0,453.56444787774205,10,LOW,0,0.05338563503620711,LOW,0.2534926742947405
4711,13.062195802357415,80.21367463994584,13.0,1.309969782829285,54.084095341490304,50,LOW,0,0.07499532281338732,LOW,0.12058295380843766
4713,13.066716709954347,80.21366033268568,13.0,1.8522543907165527,364.17934407011865,50,LOW,0,0.054844248053953416,LOW,0.3171166211921855
4714,13.068977163155209,80.213653177036,14.0,2.0707030296325684,436.55238693782337,50,LOW,0,0.0458047380401577,LOW,0.2631325911771221
4717,13.075758520366598,80.2136317020078,16.0,2.0707030296325684,98.7423359824475,50,LOW,0,0.2475294470225114,LOW,0.45259540247088625
4719,13.080279423180896,80.2136173785891,15.0,1.8522543907165527,242.49807417507463,50,MODERATE,1,0.13160051446384216,MODERATE,0.805082917433497
4720,13.082539873989864,80.21361021485963,13.0,1.309969782829285,394.21952776895904,50,MODERATE,1,0.08573173168143708,MODERATE,0.7118240740220066
4721,13.084800324399955,80.21360304978332,13.0,1.8522543907165527,592.4866363291025,50,LOW,0,0.04142882861014586,LOW,0.3097556640683882
4722,13.087060774411112,80.21359588336009,15.0,0.9263692498207092,814.5326420751041,10,LOW,0,0.029641936182601147,LOW,0.1762585107915671
4724,13.091581673236362,80.21358154647272,17.0,1.309969782829285,1273.197210110569,50,LOW,0,0.14406256103440265,LOW,0.2552518693729191
4725,13.093842122050322,80.21357437600847,9.0,2.0707030296325684,1511.915985183607,50,LOW,0,0.2445572548818538,LOW,0.3562469551509123
4738,13.123227920281854,80.21348103736261,7.0,3.336585760116577,2486.010512743956,40,LOW,0,0.026116528223423627,LOW,0.1554443972486259
4740,13.127748806320596,80.21346665735572,6.0,0.9263692498207092,2262.7884451479085,40,LOW,0,0.027272613123329913,LOW,0.2452539544471513
4742,13.132269690758724,80.21345227195677,7.0,4.713325023651123,2045.807435182072,80,LOW,0,0.026129975579975585,MODERATE,0.6642825396825396
4743,13.13453013237739,80.21344507723514,10.0,2.927142381668091,1944.084434733728,80,MODERATE,1,0.011074025974025976,MODERATE,0.8119851370851372
4744,13.136790573595714,80.21343788116529,4.0,8.673249244689941,1856.513470742751,80,LOW,0,0.06814603174603175,LOW,0.48089177489177487
4745,13.139051014413628,80.2134306837472,5.0,0.9263692498207092,1799.6722603642684,80,MODERATE,1,0.017964235764235763,MODERATE,0.8103981546231546
4746,13.141311454831063,80.21342348498082,7.0,2.0707030296325684,1770.473484761074,80,MODERATE,1,0.0035166666666666666,MODERATE,0.9416723304473305
4747,13.14357189484796,80.21341628486606,8.0,3.336585760116577,1760.371637280532,80,MODERATE,1,0.0032047619047619043,MODERATE,0.9334406204906206
4748,13.145832334464256,80.21340908340287,14.0,11.62940502166748,1785.564404450722,80,MODERATE,1,0.010216666666666669,MODERATE,0.8655119769119775
4749,13.148092773679885,80.21340188059118,4.0,2.777172803878784,1844.606240784516,80,LOW,0,0.04296647796647797,MODERATE,0.5677923298923298
4751,13.15261365090888,80.21338747092213,5.0,2.927142381668091,2050.911033112023,80,LOW,0,0.02953122958912432,MODERATE,0.6911002601199968
4760,13.172957578589434,80.21332256064572,5.0,1.309969782829285,3410.400196813311,10,LOW,0,0.009047526696255165,LOW,0.16173225488914
4790,12.913011879801806,80.21644813711212,3.0,1.8522543907165527,16.969350644647967,80,LOW,0,0.3746154309742545,LOW,0.5868988975077212
4791,12.915272361200916,80.21644109359605,4.0,3.814206600189209,141.04116322056814,30,LOW,0,0.34458052503052494,LOW,0.51684338994339
4792,12.917532842205931,80.21643404874138,1.0,0.9263692498207092,299.05167708578426,30,LOW,0,0.27448074099103503,LOW,0.503866210750034
4793,12.91979332281678,80.21642700254803,-1.0,1.309969782829285,457.0621909510005,40,LOW,0,0.2638894314835491,LOW,0.5354290728878962
4794,12.922053803033396,80.21641995501601,1.0,3.336585760116577,456.4988514808591,40,LOW,0,0.2205360722610722,LOW,0.4789566849816849
4795,12.924314282855724,80.21641290614521,2.0,2.777172803878784,481.6641249796968,10,LOW,0,0.11817211666739966,LOW,0.4720416226177323
4796,12.926574762283687,80.21640585593556,0.0,0.0,580.9065742176613,40,LOW,0,0.06186212665740966,MODERATE,0.6420602600260764
4797,12.928835241317234,80.21639880438705,1.0,2.618571519851685,707.999522109152,30,LOW,0,0.029988343423100125,LOW,0.49587785783074806
4802,12.940137630566374,80.21636352655925,0.0,5.839084625244141,842.5833853720211,50,LOW,0,0.02937061403508772,LOW,0.3505802346776033
4804,12.944658583502823,80.21634940605392,2.0,0.9263692498207092,385.6639720229665,50,LOW,0,0.012814008109291125,LOW,0.40142876357657287
4805,12.94691905937868,80.21634234379229,1.0,1.309969782829285,202.68025645850088,40,LOW,0,0.0197437441643324,MODERATE,0.537872636231542
4806,12.949179534859534,80.21633528019123,3.0,3.336585760116577,167.8213623800803,10,LOW,0,0.09131947790771318,LOW,0.5384999582117228
4807,12.951440009945324,80.21632821525073,0.0,0.9263692498207092,237.08661221902364,40,MODERATE,1,0.004270911441499677,MODERATE,0.7249362531229219
4808,12.95370048463598,80.21632114897069,2.0,0.9263692498207092,232.4332750289488,40,LOW,0,0.013065873015873013,MODERATE,0.6436947338278043
4809,12.955960958931446,80.2163140813511,1.0,1.309969782829285,196.27584592325903,10,LOW,0,0.018554469507101087,MODERATE,0.6509231368580398
4810,12.958221432831651,80.21630701239188,1.0,1.309969782829285,141.9462747754804,40,MODERATE,1,0.01344438971760953,MODERATE,0.868309747701026
4811,12.960481906336542,80.21629994209295,1.0,3.924445152282715,138.02802960747084,40,MODERATE,1,0.030336431009650826,MODERATE,0.8541249812279228
4812,12.962742379446036,80.21629287045427,3.0,1.309969782829285,95.62658025328686,10,LOW,0,0.10563119658119657,MODERATE,0.5716128316128317
4813,12.965002852160088,80.21628579747579,1.0,2.0707030296325684,103.53186683385736,60,LOW,0,0.0831819282025164,MODERATE,0.6189216334748843
4814,12.96726332447862,80.21627872315744,2.0,2.927142381668091,182.2857234898516,10,MODERATE,1,0.02481580086580087,MODERATE,0.8155215591899223
4815,12.96952379640158,80.21627164749918,1.0,1.309969782829285,180.88328131589125,50,MODERATE,1,0.015341363211951444,MODERATE,0.8762529067006665
4816,12.971784267928893,80.21626457050094,2.0,1.8522543907165527,277.4348518312398,50,MODERATE,1,0.027703643578643574,MODERATE,0.674586418844091
4817,12.974044739060496,80.21625749216265,4.0,0.9263692498207092,404.4935394414064,50,LOW,0,0.033454628599911614,LOW,0.34300654953010645
4835,13.014733151690267,80.21612985286094,12.0,2.0707030296325684,289.0328859373078,10,LOW,0,0.04120825782404729,LOW,0.37776093146054096
4836,13.01699361529124,80.21612274905092,4.0,3.814206600189209,50.82103179253359,10,LOW,0,0.5029343443817127,HIGH,0.7244219370719371
4837,13.01925407849522,80.2161156438997,7.0,1.309969782829285,187.39082235224052,50,MODERATE,1,0.1928091538942529,MODERATE,0.856055764297642
4840,13.026035465724563,80.21609432039826,10.0,4.713325023651123,360.80234938994687,50,LOW,0,0.15175731031688403,LOW,0.5119136995816008
4856,13.062202803857144,80.21598039112125,10.0,2.618571519851685,69.50640152097738,50,LOW,0,0.10443643488214918,LOW,0.16689766137164808
4858,13.066723713960169,80.21596612580397,12.0,0.0,132.898364207382,50,LOW,0,0.14124372098212604,LOW,0.24674534253904423
4859,13.06898416841411,80.21595899113164,13.0,3.336585760116577,222.7888345072623,50,LOW,0,0.17667274428136606,LOW,0.4375578722443344
4862,13.075765529384874,80.21593757905916,13.0,1.309969782829285,147.1216816020809,50,LOW,0,0.28750884458573267,LOW,0.5432193923698763
4863,13.078025982244569,80.21593043901632,13.0,1.8522543907165527,31.21157853723324,10,LOW,0,0.23165996046963783,LOW,0.38592701838185706
4864,13.080286434705531,80.21592329763071,13.0,6.650692939758301,41.57372424475915,50,HIGH,2,0.5970636443267558,HIGH,0.7166250876005721
4865,13.082546886767714,80.21591615490227,17.0,1.8522543907165527,255.5156522440292,50,LOW,0,0.1661516237346882,MODERATE,0.5911098967063164
4866,13.08480733843104,80.21590901083093,12.0,1.309969782829285,482.68990435134106,50,LOW,0,0.04932676224514789,LOW,0.3272339182145116
4867,13.087067789695451,80.21590186541664,13.0,2.0707030296325684,723.0825362177459,50,LOW,0,0.02770933345048239,LOW,0.11542716039582877
4868,13.089328240560889,80.21589471865934,16.0,2.0707030296325684,968.0330274728512,50,LOW,0,0.06557634024891913,LOW,0.1314393123450616
4869,13.091588691027278,80.21588757055899,18.0,2.0707030296325684,1214.712067255284,10,LOW,0,0.15955000281796547,LOW,0.23084017512271232
4870,13.09384914109456,80.2158804211155,7.0,2.927142381668091,1462.5193572711976,50,HIGH,2,0.612298854579513,HIGH,0.7794638750115228
4874,13.102890937371331,80.21585180990914,7.0,2.0707030296325684,2458.1929799392,80,MODERATE,1,0.028476168276168282,MODERATE,0.7570183698654285
4889,13.136797616457256,80.21574432641765,6.0,2.0707030296325684,2096.942115769604,10,LOW,0,0.026891237589912333,LOW,0.3033142015096185
4890,13.139058058528928,80.21573715009934,5.0,1.309969782829285,2046.7887567024693,10,MODERATE,1,0.036600288378566694,MODERATE,0.589566099771913
4891,13.141318500200146,80.2157299724367,6.0,0.9263692498207092,2019.1218650543992,50,MODERATE,1,0.02654986787341074,MODERATE,0.6007301385046396
4904,13.170704205455662,80.21563654045897,5.0,1.309969782829285,3655.566760467811,10,LOW,0,0.009047526696255165,LOW,0.1639917786986638
4905,13.172964641513818,80.21562934396916,5.0,2.0707030296325684,3575.804663799796,40,LOW,0,0.007411018759747225,LOW,0.11256647622336124
4934,12.910758295295096,80.21875953583198,1.0,1.8522543907165527,368.7133864105676,80,LOW,0,0.34405102038484375,LOW,0.5194457922796157
4936,12.915279260983196,80.21874549155322,-2.0,1.309969782829285,52.692358680135285,40,LOW,0,0.2623225935828876,LOW,0.5096371545121543
4937,12.917539743236157,80.21873846741188,-1.0,1.309969782829285,105.31815518508088,40,LOW,0,0.26868215346744756,LOW,0.5125785991785989
4938,12.919800225094976,80.21873144193583,-2.0,2.927142381668091,237.9585920234211,40,LOW,0,0.3050026271114506,LOW,0.5103937304525539
4939,12.92206070655958,80.218724415125,1.0,2.0707030296325684,207.5347203653688,40,LOW,0,0.23549949442542314,LOW,0.47875830199212527
4940,12.92432118762992,80.21871738697932,0.0,0.9263692498207092,240.9852943127101,40,LOW,0,0.14213925744018616,MODERATE,0.6358309915574621
4941,12.926581668305923,80.21871035749878,-3.0,2.0707030296325684,365.6221516593842,90,LOW,0,0.1803789323663206,MODERATE,0.6025995536186204
4942,12.928842148587524,80.21870332668328,0.0,1.8522543907165527,507.1370453028864,30,LOW,0,0.0708002884955715,MODERATE,0.6129997170861016
4943,12.931102628474658,80.21869629453278,-2.0,2.618571519851685,436.8119901264352,50,LOW,0,0.07236463179760831,LOW,0.49188551896046806
4946,12.937884065768634,80.2186751900707,0.0,4.136011123657227,691.2292490599405,30,LOW,0,0.01626508481036783,LOW,0.44737017364187204
4947,12.940144544077263,80.2186681525796,-1.0,0.9263692498207092,742.3732607533517,30,LOW,0,0.022200882346165365,LOW,0.40787203263255456
4948,12.942405021991112,80.21866111375323,1.0,1.309969782829285,513.3362966538624,40,MODERATE,1,0.005837523482806501,MODERATE,0.7360907378278125
4949,12.944665499510108,80.21865407359151,-1.0,0.9263692498207092,284.2993325543732,40,LOW,0,0.01005427807486631,MODERATE,0.5409315188006409
4950,12.94692597663419,80.21864703209437,0.0,1.8522543907165527,55.26236845488388,90,MODERATE,1,0.04291167068225892,MODERATE,0.8103683055506579
4951,12.949186453363293,80.21863998926177,1.0,3.814206600189209,81.34623215693996,10,LOW,0,0.05593224377961219,MODERATE,0.5669161116661117
4952,12.951446929697353,80.21863294509365,1.0,0.0,27.214216262907,10,MODERATE,1,0.04002154512154513,MODERATE,0.7799302919302922
4953,12.953707405636305,80.21862589958995,1.0,0.0,1.281633687430937,30,LOW,0,0.10546177156177157,MODERATE,0.6948840381840382
4954,12.955967881180085,80.21861885275062,3.0,0.9263692498207092,45.41831176649938,80,MODERATE,1,0.13155586679402473,MODERATE,0.8319654384830856
4955,12.958228356328627,80.21861180457559,1.0,2.0707030296325684,88.83191310907209,10,MODERATE,1,0.029136604039235618,MODERATE,0.7672950327450332
4956,12.960488831081872,80.21860475506482,2.0,0.0,13.019758020834386,40,MODERATE,1,0.08694011544011543,MODERATE,0.7899916040799411
4957,12.96274930543975,80.21859770421823,0.0,1.8522543907165527,43.775334502528295,40,LOW,0,0.04071481198540022,MODERATE,0.6106226743168934
4960,12.969530726140562,80.21857654366302,2.0,0.9263692498207092,50.26591602201599,50,LOW,0,0.06991688311688309,MODERATE,0.6084115514528294
4961,12.971791198916344,80.2185694874726,2.0,0.9263692498207092,51.75990130812882,50,LOW,0,0.07458354978354977,MODERATE,0.6080496466909248
4962,12.974051671296436,80.2185624299461,4.0,2.777172803878784,282.2719724613268,50,LOW,0,0.06574378079991286,LOW,0.48046612483402895
4972,12.996656373320542,80.21849178118296,13.0,1.8522543907165527,1062.7867755911263,10,MODERATE,1,0.10803354743872855,LOW,0.22798760189793957
4980,13.014740106402703,80.21843516593036,15.0,2.618571519851685,213.1704278641025,10,LOW,0,0.06270431235431236,LOW,0.39571062423163383
4981,13.017000571252575,80.21842808300701,4.0,4.136011123657227,25.0414262806717,10,HIGH,2,0.7836574770860375,HIGH,0.904452344877345
4989,13.035084275755244,80.2183713714741,13.0,2.618571519851685,888.0177110443136,50,LOW,0,0.061937606660275556,LOW,0.10742078211776866
4994,13.04638657815331,80.21833588329203,12.0,0.9263692498207092,1155.9406160321437,10,LOW,0,0.05642773926840424,LOW,0.15985588445562526
5002,13.064470241301104,80.21827903262113,9.0,2.618571519851685,115.8317487211685,50,LOW,0,0.18493753725531045,LOW,0.3675179980993378
5003,13.066730697402829,80.21827192026474,10.0,5.911112308502197,63.42196357226793,50,LOW,0,0.25859353189122536,LOW,0.3537993776890411
5004,13.06899115310617,80.21826480656982,14.0,2.618571519851685,99.7164059917269,50,LOW,0,0.08740152636959084,LOW,0.1573465856720695
5009,13.08029342564493,80.21822921801514,9.0,0.9263692498207092,33.188262714909136,10,LOW,0,0.2045349816849816,LOW,0.452783866133866
5011,13.084814331869524,80.21821497322149,10.0,2.618571519851685,454.0501215991688,50,LOW,0,0.0677052214326575,LOW,0.31023301154457394
5012,13.087074784383516,80.21820784881619,13.0,2.0707030296325684,703.4327902335953,10,LOW,0,0.03768117472183968,LOW,0.22301208839478878
5013,13.089335236498547,80.21820072307183,13.0,2.0707030296325684,953.132959733214,50,LOW,0,0.09507941427634102,LOW,0.15217140001584495
5015,13.093856139531484,80.21818646756572,12.0,2.927142381668091,1452.630797856017,10,HIGH,2,0.6134366535272212,HIGH,0.6818683082700755
5019,13.102897940807042,80.2181579404822,14.0,4.622196197509766,2452.11370464978,80,MODERATE,1,0.023331746031746033,MODERATE,0.7564863691863696
5021,13.107418839048645,80.21814366890386,12.0,4.136011123657227,2951.986502909015,50,LOW,0,0.022078271436166173,LOW,0.06002964228753703
5023,13.111939735692106,80.2181293919672,14.0,2.618571519851685,3451.8961464943764,50,LOW,0,0.005664285714285715,LOW,0.010980740014702279
5026,13.118721077659671,80.21810796651428,10.0,2.0707030296325684,3174.1281611941704,50,LOW,0,0.0026,LOW,0.005723197867408578
5027,13.120981524182568,80.21810082201696,9.0,0.0,3044.240492692881,50,LOW,0,0.0023523809523809526,LOW,0.01796479850613404
5034,13.136804638641552,80.21805077301428,7.0,2.0707030296325684,2339.378166677485,10,LOW,0,0.02279664081242083,LOW,0.16076638180860942
5036,13.141325524884628,80.21803646123699,8.0,2.618571519851685,2268.0674266078354,10,LOW,0,0.02036201969327285,LOW,0.20614572316557744
5040,13.150367292564336,80.2180078215964,6.0,0.9263692498207092,2398.2196763512666,40,LOW,0,0.04453271168601966,LOW,0.27261598963051126
5041,13.152627733482548,80.21800065833465,6.0,2.0707030296325684,2493.1485228798733,40,LOW,0,0.040213462914728854,LOW,0.18179398907131897
5046,13.163929932060082,80.21796482191338,6.0,2.927142381668091,3226.832698271898,40,LOW,0,0.0162739260570535,LOW,0.051924993300811476
5047,13.16619037057244,80.21795765060622,5.0,1.309969782829285,3409.806622630735,10,LOW,0,0.01288641558514405,LOW,0.1288322878331351
5048,13.168450808683597,80.21795047795794,8.0,1.8522543907165527,3600.84894779497,40,LOW,0,0.012184299183027648,LOW,0.07496365276450004
5049,13.17071124639349,80.2179433039685,8.0,2.0707030296325684,3798.742566420613,10,LOW,0,0.008682447331175798,LOW,0.11887879410464142
5082,12.917546623945826,80.2210428874171,0.0,2.927142381668091,88.41536671562257,30,LOW,0,0.2633297091797091,LOW,0.38388392718392716
5083,12.91980710704894,80.22103588265837,-1.0,4.622196197509766,5.329544128101609,80,LOW,0,0.39862709370093274,LOW,0.5272108763785235
5084,12.922067589757862,80.22102887656881,-2.0,1.8522543907165527,41.429410750121605,40,LOW,0,0.25380894660894654,LOW,0.43415450105450093
5085,12.92432807207254,80.22102186914834,0.0,2.0707030296325684,23.244781209616203,10,LOW,0,0.12258040293040293,LOW,0.4245906815406816
5086,12.9265885539929,80.22101486039693,-1.0,0.9263692498207092,153.68302455832466,40,MODERATE,1,0.062219869019869034,MODERATE,0.8374786073403722
5087,12.928849035518882,80.2210078503145,-1.0,0.9263692498207092,329.6787510795321,40,MODERATE,1,0.06809213466272293,MODERATE,0.7691892481186402
5088,12.93110951665042,80.22100083890102,0.0,1.309969782829285,191.54890809378284,40,LOW,0,0.05270778567837391,MODERATE,0.6750514692308612
5089,12.933369997387452,80.22099382615642,0.0,1.309969782829285,212.7504867542177,30,LOW,0,0.07135452782511609,MODERATE,0.624450491725395
5090,12.935630477729909,80.22098681208061,1.0,2.0707030296325684,342.97634876401327,90,LOW,0,0.05640814642873468,MODERATE,0.551743030498913
5091,12.93789095767773,80.22097979667357,0.0,2.0707030296325684,517.7613536323651,30,LOW,0,0.03762388156916458,MODERATE,0.6502324565688415
5092,12.940151437230854,80.22097277993525,-1.0,2.0707030296325684,576.0160252515245,40,MODERATE,1,0.00571530126058428,MODERATE,0.7872940144393429
5093,12.942411916389208,80.22096576186557,-2.0,1.309969782829285,413.126172035193,40,MODERATE,1,0.026191152207023456,MODERATE,0.7414986360269064
5094,12.944672395152734,80.22095874246448,1.0,0.9263692498207092,184.0892079357037,10,LOW,0,0.020708441558441565,MODERATE,0.5118013252571882
5095,12.946932873521371,80.22095172173192,1.0,0.9263692498207092,44.94775616378556,90,MODERATE,1,0.050009273079861326,MODERATE,0.8470761144084674
5096,12.94919335149505,80.22094469966783,1.0,2.618571519851685,273.9847202632748,50,LOW,0,0.019026283846872084,LOW,0.47858851085143367
5097,12.951453829073705,80.22093767627216,2.0,0.9263692498207092,211.4990413241134,30,MODERATE,1,0.04351117771117769,MODERATE,0.7499810678228606
5100,12.958235259438895,80.22091659809507,1.0,0.0,338.3191655127504,10,MODERATE,1,0.015684487734487735,MODERATE,0.780728240989408
5105,12.96953763547446,80.22088144116289,1.0,2.777172803878784,281.2057494222232,50,LOW,0,0.021708802308802313,MODERATE,0.5970641185054819
5106,12.971798109495028,80.22087440578039,1.0,1.8522543907165527,209.14475936728297,50,MODERATE,1,0.019205627705627705,MODERATE,0.7826644548523932
5125,13.014747040636514,80.22074048033697,11.0,4.136011123657227,161.0583770346284,10,MODERATE,1,0.13592983813572052,MODERATE,0.7748421009273951
5126,13.017007506731607,80.22073341830036,6.0,2.618571519851685,84.85243314321235,10,HIGH,2,0.7778344005347098,HIGH,0.9086294609206371
5149,13.068998117231327,80.22057062334657,9.0,2.0707030296325684,0.3909551375583256,10,LOW,0,0.21613038330077497,LOW,0.3953278660791333
5152,13.075779485687734,80.2205493371861,10.0,0.0,155.07492888385508,50,HIGH,2,0.2528834302027977,MODERATE,0.6302224794913617
5153,13.078039941042723,80.22054223912971,10.0,3.814206600189209,8.317582781944532,30,LOW,0,0.3123207593736233,LOW,0.5055526649066124
5154,13.080300395999032,80.22053513973844,14.0,1.8522543907165527,124.8894211564656,50,HIGH,2,0.5613250131394015,HIGH,0.7236897146401988
5156,13.08482130471536,80.22052093695106,13.0,2.0707030296325684,525.0989576975406,50,LOW,0,0.04873828947951384,LOW,0.23715134957483242
5157,13.087081758475248,80.22051383355482,12.0,2.927142381668091,754.2370291505318,50,LOW,0,0.08901828949521963,LOW,0.21730957040355375
5158,13.089342211836197,80.22050672882344,14.0,1.309969782829285,992.4514674355064,10,LOW,0,0.05735698002510495,LOW,0.16011218619482176
5159,13.09160266479815,80.22049962275692,17.0,4.713325023651123,1235.1631192027187,50,LOW,0,0.22854613026282658,LOW,0.34446406824936043
5160,13.093863117361035,80.22049251535518,7.0,4.136011123657227,1480.073646479153,10,LOW,0,0.39221436198969517,LOW,0.587137805439128
5179,13.136811640148553,80.22035722095127,8.0,1.309969782829285,2583.256506150002,50,LOW,0,0.02052343792361691,LOW,0.1174306613595278
5180,13.139072084716709,80.22035008683275,6.0,0.9263692498207092,2542.713541522453,50,LOW,0,0.042396238135415674,LOW,0.2792208621181608
5186,13.152634743714811,80.22030725405402,6.0,0.9263692498207092,2721.7763138870964,60,LOW,0,0.06812569201486957,LOW,0.2197960276389145
5187,13.15489518547876,80.22030011057909,6.0,1.309969782829285,2827.967157506705,40,LOW,0,0.08156272868164167,LOW,0.16154876223073605
5190,13.1616765083652,80.22027867213292,8.0,2.777172803878784,3242.744835357188,40,LOW,0,0.008618202151329597,LOW,0.0619486200584005
5191,13.163936948525336,80.22027152331022,4.0,2.927142381668091,3406.5710044464704,40,LOW,0,0.016400397187353706,LOW,0.17019063400367748
5192,13.166197388284358,80.22026437315039,6.0,1.309969782829285,3580.3712027435304,40,LOW,0,0.02941455411328258,LOW,0.057833536584383886
5193,13.168457827642204,80.22025722165341,6.0,2.0707030296325684,3762.763597481893,40,LOW,0,0.010985621934350398,LOW,0.03909865202449932
5225,12.91303251446519,80.22336127285533,1.0,1.309969782829285,471.4999202088051,60,LOW,0,0.32944256217638557,LOW,0.4486403846153846
5226,12.915292999597057,80.22335429146761,-1.0,2.0707030296325684,226.66050145751785,20,LOW,0,0.23924660894660893,LOW,0.34086038961038967
5227,12.91755348433489,80.2233473087531,-2.0,1.8522543907165527,53.47481422757672,20,LOW,0,0.26204660062160057,LOW,0.3655579281829282
5228,12.91981396867862,80.22334032471177,1.0,2.0707030296325684,227.7768914156649,30,LOW,0,0.24040352343734686,LOW,0.3602709227047462
5230,12.924334936183524,80.22332635264831,0.0,1.309969782829285,192.0396413486608,10,LOW,0,0.12868378843378844,LOW,0.3764118492618493
5231,12.926595419344572,80.2233193646261,1.0,4.622196197509766,7.502886067242261,40,LOW,0,0.1588846841496997,LOW,0.4810084601672838
5232,12.928855902111255,80.2233123752768,0.0,0.9263692498207092,146.53857339227542,30,MODERATE,1,0.05936868915398325,MODERATE,0.6933613073201305
5233,12.931116384483524,80.22330538460038,0.0,1.8522543907165527,20.16794049940629,10,MODERATE,1,0.10952535242535245,LOW,0.49899828341593033
5234,12.933376866461304,80.22329839259677,-1.0,0.0,0.7695604894646727,90,LOW,0,0.13665152184416884,MODERATE,0.7190496625923096
5235,12.93563734804453,80.22329139926593,-1.0,2.0707030296325684,181.4158768430808,90,LOW,0,0.07823320499589852,MODERATE,0.6217356028388539
5236,12.937897829233142,80.22328440460777,0.0,1.309969782829285,379.99526678932,90,LOW,0,0.06990233546820676,LOW,0.5008469426245232
5237,12.94015831002708,80.22327740862225,1.0,0.9263692498207092,329.7978393866749,40,LOW,0,0.023177149647737885,LOW,0.4111664461050347
5238,12.94241879042627,80.22327041130931,0.0,0.9263692498207092,321.62449384980346,40,LOW,0,0.013728187498775734,LOW,0.3892803070291124
5239,12.944679270430656,80.22326341266893,0.0,1.309969782829285,83.87908331703431,80,LOW,0,0.10122031204090029,LOW,0.5146718072776898
5240,12.946939750040167,80.22325641270099,-1.0,2.927142381668091,145.15788078245498,40,MODERATE,1,0.03640543247602071,MODERATE,0.7776360714448944
5241,12.94920022925474,80.22324941140546,0.0,2.0707030296325684,374.1948448819442,10,LOW,0,0.022985575430858454,LOW,0.347167850260117
5242,12.95146070807432,80.2232424087823,3.0,0.9263692498207092,456.37589955958015,40,LOW,0,0.019984276729559745,LOW,0.3321700199835645
5245,12.958242142162405,80.22322139294636,0.0,3.336585760116577,570.0622130270567,60,MODERATE,1,0.02922215551743853,MODERATE,0.7930274628668086
5246,12.960502619401336,80.22321438501204,1.0,2.777172803878784,493.28482749101664,40,MODERATE,1,0.013890333538248138,MODERATE,0.7986377926815298
5247,12.962763096244943,80.22320737574978,1.0,0.0,485.7977258337424,90,LOW,0,0.06490079354607659,LOW,0.5054202346284319
5250,12.969544524403211,80.22318633999487,-1.0,3.336585760116577,507.7126300760012,50,LOW,0,0.031386921599309885,MODERATE,0.6155502969849322
5251,12.971804999664895,80.22317932542032,1.0,0.9263692498207092,458.0436369585,50,LOW,0,0.02797836042364344,LOW,0.42857097012568823
5252,12.974065474530937,80.22317230951755,2.0,2.0707030296325684,535.5393098661862,50,LOW,0,0.034255344550627564,LOW,0.349848382646014
5271,13.01701442172829,80.22303875492699,7.0,1.8522543907165527,119.42137860127566,50,HIGH,2,0.7589075824641469,HIGH,0.8950772189744425
5272,13.019274888668,80.22303171244778,9.0,2.0707030296325684,320.7269920443006,50,MODERATE,1,0.11852378866071862,MODERATE,0.7327189355716093
5293,13.066744602598432,80.22288351319793,16.0,2.777172803878784,89.10076978351606,50,LOW,0,0.0980446679127324,LOW,0.14921897334445716
5294,13.069005060789538,80.222876441458,11.0,4.713325023651123,138.7985918689768,50,LOW,0,0.2020542822595889,LOW,0.3821999265631232
5295,13.071265518582246,80.22286936838736,14.0,2.0707030296325684,88.80335201831213,10,LOW,0,0.14659262225229977,LOW,0.4337612841161229
5296,13.073525975976494,80.22286229398597,12.0,4.622196197509766,65.20342810784783,50,LOW,0,0.3163176748616216,LOW,0.5540213475768313
5297,13.075786432972205,80.22285521825377,9.0,3.7006449699401855,86.48764969839004,50,HIGH,2,0.32933016002051524,LOW,0.5562018134292093
5298,13.078046889569324,80.2228481411907,8.0,2.927142381668091,182.3925005057905,40,HIGH,2,0.2621258211881671,MODERATE,0.7177649525741534
5299,13.080307345767787,80.2228410627967,11.0,1.309969782829285,336.83450330437427,50,LOW,0,0.14838974109286104,LOW,0.5571385663572317
5302,13.08708871197059,80.22281981962853,16.0,1.309969782829285,868.1116557078421,10,LOW,0,0.030454928745593704,LOW,0.15875910415553451
5304,13.091609620777994,80.22280565086072,11.0,3.814206600189209,1311.0784579832518,50,LOW,0,0.2947055593712416,LOW,0.42029825574867025
5305,13.093870074583164,80.22279856447992,14.0,1.8522543907165527,1544.681300710473,50,LOW,0,0.14657972759751112,LOW,0.22001506291538978
5319,13.125516385920264,80.22269921533201,8.0,2.927142381668091,3265.1734849939166,50,LOW,0,0.004111231361231362,LOW,0.011086184886184887
5324,13.136818620978207,80.22266367022466,5.0,2.0707030296325684,2828.204049640924,50,LOW,0,0.03969264116046721,LOW,0.14543739678458806
5325,13.139079066789082,80.2226565572061,4.0,3.336585760116577,2791.221260323277,40,LOW,0,0.042579418686559754,LOW,0.2954278784436428
5329,13.148120846028071,80.22262809180627,7.0,0.9263692498207092,2814.547772971019,50,LOW,0,0.05040620594538349,LOW,0.21848589284766523
5335,13.161683502865973,80.22258535372337,6.0,1.309969782829285,3439.864941089177,10,LOW,0,0.029489878788607253,LOW,0.1153866945375418
5336,13.16394394426907,80.22257822604412,3.0,0.9263692498207092,3594.7187308653465,40,LOW,0,0.02013510861119557,LOW,0.1820282160558559
5337,13.16620438527107,80.22257109703172,2.0,2.618571519851685,3759.831737609263,30,LOW,0,0.07039166702862357,LOW,0.26833833630137977
5338,13.16846482587192,80.2225639666861,6.0,2.0707030296325684,3933.912382887246,50,LOW,0,0.010433033942631972,LOW,0.05387500405411221
5366,12.903997402645809,80.22569348358027,3.0,2.777172803878784,1301.6783880994476,50,LOW,0,0.16719778554778555,LOW,0.41791114996114986
5371,12.91529983842853,80.22565869341695,-1.0,2.0707030296325684,209.44356996891668,40,LOW,0,0.29861672441765325,LOW,0.40584955795838157
5372,12.917560324403288,80.22565173141597,2.0,2.927142381668091,66.77333287065176,50,LOW,0,0.33946331168831156,LOW,0.46458511766011756
5375,12.924341779962823,80.22563083747531,1.0,2.0707030296325684,166.03724244179523,30,LOW,0,0.13595878337348924,LOW,0.4137043234543234
5376,12.92660226436088,80.22562387018233,-1.0,2.0707030296325684,38.37309990548359,90,LOW,0,0.11805692363192367,MODERATE,0.5808256660006663
5377,12.928862748364596,80.22561690156623,-1.0,0.0,16.701764069479875,90,MODERATE,1,0.10424439171939175,MODERATE,0.7555569644407875
5378,12.931123231973912,80.22560993162693,-1.0,2.0707030296325684,195.1094931789006,40,LOW,0,0.09508126220185044,LOW,0.5196906330082608
5379,12.933383715188766,80.22560296036438,-2.0,2.618571519851685,121.9238367791503,40,LOW,0,0.1168413021618904,LOW,0.5388662712428435
5380,12.93564419800909,80.22559598777853,0.0,1.309969782829285,116.1765163082568,90,LOW,0,0.09863136765195593,MODERATE,0.5684270797829624
5381,12.93790468043482,80.22558901386931,1.0,6.713759422302246,148.9319599704209,40,LOW,0,0.07369302135772725,MODERATE,0.5756252179193357
5382,12.940165162465895,80.22558203863667,0.0,0.9263692498207092,83.91559521744188,30,LOW,0,0.06272880909939733,LOW,0.3825971763530586
5383,12.942425644102242,80.22557506208055,0.0,0.9263692498207092,125.82801807982985,40,LOW,0,0.025544682115270348,LOW,0.36791809164466366
5384,12.944686125343807,80.2255680842009,1.0,1.309969782829285,8.40263220152925,80,LOW,0,0.19680895052659758,LOW,0.5387618642795113
5385,12.946946606190524,80.22556110499765,2.0,0.0,230.202300515413,90,LOW,0,0.09209099789099788,LOW,0.530680503187919
5387,12.95146756669914,80.22554714262016,2.0,2.618571519851685,701.3800858754131,90,LOW,0,0.1384198339827641,LOW,0.4721275313168767
5390,12.95824900449909,80.22552618912552,1.0,0.0,795.8451403581619,40,LOW,0,0.046932217677500686,LOW,0.4205584512935859
5391,12.960509482975354,80.22551920197952,-1.0,2.927142381668091,742.7842767205287,40,MODERATE,1,0.028542228426985127,MODERATE,0.8326418259623629
5392,12.962769961056315,80.22551221350953,1.0,0.9263692498207092,734.3100557885335,80,MODERATE,1,0.15772671207199515,MODERATE,0.7467898670203887
5393,12.965030438741918,80.22550522371547,2.0,1.309969782829285,796.387564608916,80,HIGH,2,0.4710612815960382,HIGH,0.745127846436913
5394,12.967290916032086,80.22549823259733,2.0,1.309969782829285,838.8287885733364,90,LOW,0,0.35010315795315783,LOW,0.6033395343545344
5395,12.969551392926768,80.22549124015501,2.0,3.336585760116577,740.856286530499,10,MODERATE,1,0.04227836042364344,MODERATE,0.785097176609664
5396,12.97181186942589,80.22548424638848,0.0,2.927142381668091,707.719164885014,50,MODERATE,1,0.03646882522200297,MODERATE,0.7835592180388109
5397,12.97407234552939,80.22547725129766,1.0,0.9263692498207092,760.1741875381738,50,LOW,0,0.0484809147320801,LOW,0.280866965276898
5398,12.976332821237206,80.2254702548825,7.0,0.9263692498207092,883.0986210232146,50,LOW,0,0.07340486126074358,LOW,0.21876809769479516
5417,13.019281784420162,80.22533707129459,8.0,3.336585760116577,160.7332752585055,50,HIGH,2,0.662772653054325,HIGH,0.9028765871298003
5424,13.035105050544662,80.22528788305887,13.0,2.0707030296325684,752.7006088801957,50,LOW,0,0.03555578491055042,LOW,0.08143952961861277
5434,13.057709682650849,80.22521750144551,11.0,4.136011123657227,124.67451235081418,50,LOW,0,0.15236610043223262,LOW,0.27084341836248604
5435,13.0599701436732,80.22521045598958,14.0,2.777172803878784,113.83235969893948,50,LOW,0,0.09115870765790426,LOW,0.1484552190722124
5440,13.071272442811834,80.22517520881101,11.0,18.004419326782227,51.111736512666695,50,HIGH,2,0.28141211376858427,LOW,0.5242183756209339
5441,13.073532901444487,80.2251681553951,14.0,2.0707030296325684,193.3937869924624,50,LOW,0,0.11552348607294581,MODERATE,0.6485715305008026
5442,13.075793359678627,80.22516110065231,13.0,2.927142381668091,334.62834394900483,50,LOW,0,0.10872287793294823,LOW,0.5377180511581079
5443,13.078053817514204,80.22515404458262,14.0,0.9263692498207092,394.826020749293,50,LOW,0,0.13088665163076882,MODERATE,0.5899311469624196
5444,13.080314274951135,80.22514698718594,16.0,3.336585760116577,534.7493101209868,50,LOW,0,0.10770646123450757,LOW,0.31910635008259836
5447,13.08709564486949,80.22512580703342,11.0,1.309969782829285,1019.708912481909,50,LOW,0,0.02952416725380737,LOW,0.18772748674725048
5448,13.08935610071124,80.22511874432823,9.0,4.622196197509766,1215.960627125442,50,LOW,0,0.1786635561521434,LOW,0.362811584686097
5449,13.09161655615404,80.22511168029578,13.0,2.0707030296325684,1424.5087051311805,50,LOW,0,0.24955668263611516,LOW,0.3205876206773099
5457,13.109700185326284,80.22505512024739,8.0,2.927142381668091,3296.40210196281,50,LOW,0,0.006082659932659933,LOW,0.01875761345761346
5468,13.13456513368024,80.22497721142054,6.0,1.309969782829285,3127.6323534854587,50,LOW,0,0.007555885402056322,LOW,0.05332399163310185
5469,13.136825581130454,80.22497012083049,6.0,2.0707030296325684,3073.965210643141,50,LOW,0,0.004705885402056323,LOW,0.04136558828018238
5472,13.143606921079035,80.22494884108919,7.0,3.924445152282715,3010.0318984747346,50,LOW,0,0.005293043103529037,LOW,0.09382056041713333
5474,13.148127812375732,80.22493464795177,8.0,0.9263692498207092,3060.0581550086363,30,LOW,0,0.010504931054547424,LOW,0.0745561635686863
5475,13.150388257423176,80.2249275493899,6.0,2.0707030296325684,3115.0100887693093,50,LOW,0,0.008970895754023198,LOW,0.03903946681710441
5476,13.15264870206994,80.22492044949922,8.0,4.136011123657227,3188.670537110145,50,LOW,0,0.0020512441617300957,LOW,0.057373209619782504
5484,13.170732244811663,80.22486360252857,5.0,1.8522543907165527,4287.455576799842,50,LOW,0,0.011348401907999944,LOW,0.33397633859258957
5490,13.184294885016769,80.22482091146902,7.0,0.9263692498207092,3698.2551042430073,40,LOW,0,0.014053466340422862,LOW,0.16416831933421996
5513,12.908525192955238,80.22798391263817,7.0,3.336585760116577,999.943279500486,10,LOW,0,0.2408207999602736,LOW,0.4370484608958294
5515,12.913046169340962,80.22797003665765,-2.0,0.9263692498207092,546.6368789707319,80,LOW,0,0.38613814518814527,LOW,0.5596686147186148
5516,12.915306656942962,80.22796309668915,1.0,2.0707030296325684,366.5464350939295,30,LOW,0,0.443410039143863,LOW,0.5280096173434412
5519,12.92208811738474,80.22794226886988,1.0,1.309969782829285,243.92720176333967,50,HIGH,2,0.6387672622784851,HIGH,0.7439502877841113
5520,12.92434860341038,80.22793532362537,0.0,2.0707030296325684,8.211191744486257,90,LOW,0,0.22152200968965666,LOW,0.5442056407644642
5521,12.92660908904177,80.22792837706172,0.0,1.309969782829285,176.57309501424115,10,LOW,0,0.1460372238872239,LOW,0.45256135922900637
5522,12.928869574278844,80.22792142917885,0.0,3.924445152282715,237.95423858681764,30,LOW,0,0.1587266889972772,LOW,0.47513472780235516
5523,12.931130059121534,80.22791447997673,-2.0,3.336585760116577,364.11438800566486,30,LOW,0,0.15318663450250578,LOW,0.47930459608217657
5524,12.93339054356979,80.22790752945531,0.0,1.8522543907165527,226.23544324948145,40,LOW,0,0.06427984695043518,LOW,0.44525961456108987
5525,12.935651027623528,80.2279005776145,0.0,0.0,101.64002975977884,40,LOW,0,0.04413171175229999,LOW,0.41082888085545277
5526,12.9379115112827,80.22789362445428,-2.0,1.309969782829285,98.89925870419506,30,LOW,0,0.14747712744771566,LOW,0.46442523163111393
5527,12.940171994547237,80.22788666997457,-2.0,0.9263692498207092,161.96664895179117,30,LOW,0,0.1240303187009069,LOW,0.4535276847335671
5528,12.942432477417071,80.22787971417532,1.0,0.9263692498207092,94.76844973455164,40,LOW,0,0.04655790222849046,LOW,0.33412922005873325
5529,12.944692959892144,80.22787275705647,0.0,1.309969782829285,106.8398347818989,40,LOW,0,0.04492536254595078,LOW,0.31912234294891506
5530,12.946953441972385,80.22786579861796,0.0,2.0707030296325684,304.9589605476939,40,LOW,0,0.03420987248046071,LOW,0.30214131655622095
5531,12.94921392365773,80.22785883885975,2.0,2.618571519851685,543.4241621636871,10,LOW,0,0.05286970241498543,LOW,0.41410597961442264
5532,12.95147440494812,80.22785187778176,2.0,1.8522543907165527,782.0290948806295,60,LOW,0,0.0885565196912764,LOW,0.39534425373332027
5534,12.955995366343776,80.22783795166626,0.0,0.9263692498207092,1010.4816226086608,60,LOW,0,0.05452943722943723,LOW,0.2941730806230807
5535,12.958255846448903,80.22783098662863,1.0,1.309969782829285,1032.8446389182157,10,LOW,0,0.0523932038206032,LOW,0.37902705508285994
5536,12.960516326158825,80.22782402027099,0.0,0.9263692498207092,992.5356630638698,40,LOW,0,0.036002991452991455,LOW,0.33418080623080626
5537,12.962776805473464,80.22781705259331,1.0,2.0707030296325684,983.5766801012936,80,MODERATE,1,0.24477450736398101,MODERATE,0.7922545104018786
5538,12.965037284392762,80.22781008359551,0.0,2.777172803878784,1030.7497177640378,80,HIGH,2,0.5044920107756018,HIGH,0.8145829858480012
5539,12.96729776291665,80.22780311327756,0.0,2.0707030296325684,1066.5589359787691,40,MODERATE,1,0.07203006993006994,MODERATE,0.7163380651130651
5542,12.97407919611524,80.2277821944021,1.0,2.0707030296325684,996.9589953386718,50,LOW,0,0.043270086775969115,LOW,0.27679606525693135
5543,12.97633967305686,80.22777521880289,4.0,2.618571519851685,1093.5838410659123,50,LOW,0,0.04087978890808213,LOW,0.21311006033607938
5559,13.012507250260146,80.22766342959522,13.0,2.0707030296325684,533.0558128547492,50,LOW,0,0.058646985247215656,LOW,0.24285921737309077
5560,13.014767720465665,80.22765643154055,10.0,2.0707030296325684,358.02115013557744,50,LOW,0,0.051021706727976256,LOW,0.4959643504629991
5562,13.019288659686175,80.22764243146688,4.0,1.309969782829285,48.26268027154288,30,HIGH,2,0.8609170382389899,HIGH,0.9202172471141987
5566,13.028330533363322,80.2276144154606,10.0,2.927142381668091,10.470936686195524,50,LOW,0,0.19479713107615035,LOW,0.3356619247786825
5582,13.064497964478258,80.22750213991564,12.0,1.309969782829285,71.4716734340495,50,LOW,0,0.08556232138499117,LOW,0.15544251386445082
5583,13.066758425540714,80.22749511145369,9.0,1.309969782829285,16.434735692383832,50,LOW,0,0.18749845868682005,LOW,0.34700106827440275
5584,13.069018886204873,80.22748808166897,13.0,2.0707030296325684,97.6208955136762,50,LOW,0,0.07011269155575604,LOW,0.1501766517771356
5585,13.071279346470678,80.22748105056145,10.0,7.370669364929199,83.86045038621542,50,LOW,0,0.25821149447062464,LOW,0.5172941451823416
5588,13.078060724877298,80.22745994930152,13.0,3.814206600189209,634.027006964063,50,LOW,0,0.08909554193093722,LOW,0.28409187934995506
5589,13.08032118354903,80.22745291290222,13.0,2.777172803878784,732.3322130589746,50,LOW,0,0.05421028380153913,LOW,0.1428315859757967
5591,13.084842099696392,80.22743883613427,11.0,8.22935962677002,1023.7377228338416,50,LOW,0,0.05329758543355511,LOW,0.2849875679314219
5592,13.087102557171894,80.22743179576553,7.0,4.136011123657227,1185.531353485592,50,MODERATE,1,0.1489933277460115,MODERATE,0.6424776158045004
5593,13.089363014248528,80.2274247540735,13.0,2.927142381668091,1372.1670238560223,50,LOW,0,0.2704092175242298,LOW,0.35396294489774616
5602,13.109707109978473,80.22736131928893,12.0,1.309969782829285,3363.244593829469,50,LOW,0,0.006996825396825397,LOW,0.01293994157222918
5603,13.111967563062874,80.2273542643611,14.0,3.814206600189209,3602.3717484106014,10,LOW,0,0.01051327561327561,LOW,0.03316385281385281
5604,13.1142280157477,80.22734720810935,14.0,3.7006449699401855,3842.883062177478,50,LOW,0,0.0028545454545454547,LOW,0.01908787878787879
5605,13.11648846803289,80.22734015053366,13.0,3.924445152282715,4084.5340303875855,50,LOW,0,0.011365656565656565,LOW,0.06049949494949494
5610,13.127790723461995,80.22730484279381,10.0,2.0707030296325684,3619.4678122386313,50,LOW,0,0.0,LOW,0.0023454200896308014
5611,13.130051173348004,80.22729777727317,8.0,2.618571519851685,3521.1151859968054,50,LOW,0,0.001265993265993266,LOW,0.029622083631045897
5612,13.132311622833925,80.22729071042815,10.0,1.309969782829285,3437.358016083378,50,LOW,0,7.547169811320754e-05,LOW,0.028862110250082364
5613,13.134572071919688,80.22728364225871,5.0,2.0707030296325684,3370.105058957064,50,LOW,0,0.010505885402056325,LOW,0.10196714672174081
5616,13.141353416775445,80.2272624298033,8.0,2.0707030296325684,3265.4611978148555,10,LOW,0,0.012752227550956017,LOW,0.12551007737096304
5618,13.145874311344008,80.2272482815432,10.0,4.136011123657227,3273.667777376604,50,LOW,0,0.004170332480818414,LOW,0.03180015304672594
5624,13.159436985434809,80.2272058049666,5.0,3.924445152282715,3725.304331626102,50,LOW,0,0.016388875375831898,LOW,0.1342835644066079
5627,13.166218317068656,80.22718454879,6.0,0.9263692498207092,4140.7593731743655,50,LOW,0,0.01818831482527135,LOW,0.29148877407863694
5628,13.168478760144469,80.2271774607473,5.0,2.618571519851685,4299.444164962616,10,LOW,0,0.005552514462112493,LOW,0.3775481678744188
5629,13.1707392028191,80.22717037137926,5.0,3.336585760116577,4466.492143587718,40,LOW,0,0.005616367275965307,LOW,0.3152744430667319
5630,13.172999645092498,80.22716328068582,7.0,2.0707030296325684,4520.9652121856525,50,MODERATE,1,0.011250058222699732,MODERATE,0.541267099305307
5635,13.184301850438636,80.22712780733539,5.0,2.0707030296325684,3931.6205701068807,40,LOW,0,0.008750799510397542,LOW,0.14823041400055995
5659,12.91079247708328,80.23028133848298,5.0,0.9263692498207092,896.1381915682814,50,LOW,0,0.19677420357420353,LOW,0.379727615621094
5665,12.92435540652614,80.23023981109459,-1.0,3.7006449699401855,44.63311500384365,40,LOW,0,0.23401874236874232,LOW,0.5207191364191363
5672,12.94017880627106,80.23019130263201,-2.0,0.9263692498207092,407.84889312102433,50,LOW,0,0.06909252305839432,LOW,0.42332581440408457
5673,12.942439290370704,80.23018436758969,0.0,0.9263692498207092,333.99061205144307,40,LOW,0,0.044480668351256566,LOW,0.2915266724284189
5674,12.944699774075607,80.23017743123168,-1.0,0.0,351.8313304622958,10,LOW,0,0.06579222662280376,LOW,0.34139790447313195
5675,12.946960257385696,80.23017049355799,1.0,0.0,453.2044532551929,40,LOW,0,0.039234276729559744,LOW,0.26281065733892744
5676,12.949220740300914,80.2301635545685,-1.0,0.0,641.8562874759776,40,LOW,0,0.01879618149146451,LOW,0.2647290236807217
5679,12.956002186676702,80.23014272970487,1.0,0.9263692498207092,1246.33865982127,60,LOW,0,0.034088167388167376,LOW,0.26570097991676933
5681,12.960523148951692,80.23012883988251,2.0,2.0707030296325684,1242.3870585143875,90,LOW,0,0.11809119769119772,LOW,0.5021060689310691
5682,12.96278362949633,80.2301218929972,0.0,1.8522543907165527,1233.140265033141,90,MODERATE,1,0.16594567099567106,MODERATE,0.6910363580863584
5683,12.965044109645651,80.23011494479572,-1.0,0.9263692498207092,1271.0848942055627,40,LOW,0,0.037463458763458767,LOW,0.27993143893143885
5684,12.967304589399584,80.23010799527802,-2.0,0.9263692498207092,1295.7602186410584,50,LOW,0,0.032464035964035964,LOW,0.27308493820993807
5685,12.969565068758069,80.230101044444,-1.0,0.0,1227.1890332245086,50,LOW,0,0.0303005439005439,LOW,0.24765802623302605
5687,12.974086026288424,80.23008713882693,1.0,0.9263692498207092,1238.9470050708649,10,LOW,0,0.033915915457091925,LOW,0.17864799277650611
5688,12.976346504460178,80.23008018404373,-1.0,1.309969782829285,1317.9484285918954,50,LOW,0,0.035842897298779645,LOW,0.18825824307831976
5704,13.012514101348428,80.22996872842819,10.0,0.9263692498207092,374.6606961136678,50,MODERATE,1,0.048984131242921794,MODERATE,0.5664251011570871
5705,13.014774572784438,80.22996175125652,11.0,2.777172803878784,179.50242810194842,50,MODERATE,1,0.09602747379834499,MODERATE,0.8276323583412346
5713,13.03285832998241,80.22990588644912,10.0,0.9263692498207092,277.0276302423618,50,LOW,0,0.10930896485909983,LOW,0.40585693218492835
5721,13.050942061752508,80.2298499372936,14.0,3.336585760116577,544.7003269826121,50,LOW,0,0.042445133302591385,LOW,0.14431176114513006
5722,13.053202526434236,80.22984293771697,14.0,4.136011123657227,444.5342363060948,50,LOW,0,0.06356576926011213,LOW,0.22952817225972638
5728,13.066765306166724,80.22980091256765,10.0,2.927142381668091,124.6780404977777,50,LOW,0,0.1631473683780074,LOW,0.3015770574886064
5729,13.069025768061891,80.22979390376064,13.0,2.0707030296325684,121.15749015798396,50,LOW,0,0.10942117154536818,LOW,0.2211507197427131
5730,13.071286229558725,80.22978689363477,9.0,1.8522543907165527,22.91030538153348,80,HIGH,2,0.25151781274281276,LOW,0.6210619047619048
5733,13.078067611658565,80.22976585534344,11.0,3.7006449699401855,648.3273643280054,50,LOW,0,0.09075313948085574,LOW,0.34762785152738684
5734,13.080328071561407,80.22975883994157,12.0,3.924445152282715,896.0137628048798,50,LOW,0,0.10369333910645288,LOW,0.2427886915428234
5735,13.082588531065596,80.22975182322057,10.0,2.777172803878784,1080.1543194872618,50,LOW,0,0.035730965835190025,LOW,0.135473284655862
5736,13.084848990171066,80.22974480518036,14.0,3.814206600189209,1236.156445655989,50,LOW,0,0.0422475206542793,LOW,0.10291935109647876
5737,13.087109448877747,80.22973778582087,10.0,1.309969782829285,1373.4389924613374,50,LOW,0,0.05737801254571158,LOW,0.28324282369274406
5747,13.10971401399731,80.22966751965431,13.0,4.136011123657227,3446.4929419743803,50,LOW,0,0.008871428571428572,LOW,0.03223787878787879
5748,13.111974468313129,80.22966048577919,15.0,2.0707030296325684,3680.4112809380526,50,LOW,0,0.0008,LOW,0.005723910291681771
5749,13.114234922229391,80.22965345058412,15.0,1.8522543907165527,3916.317248976765,50,LOW,0,0.0008,LOW,0.011205020937308545
5755,13.127797637332774,80.2296112116916,9.0,0.9263692498207092,3847.934269867533,50,LOW,0,0.0002857142857142857,LOW,0.02152573708446393
5756,13.130058088450374,80.22960416725529,11.0,2.927142381668091,3754.833701097337,50,LOW,0,0.0014141414141414141,LOW,0.010085569985569986
5759,13.136839439402513,80.22958302602365,8.0,2.618571519851685,3567.255255223873,50,LOW,0,0.0007260803487218581,LOW,0.04889320649141403
5764,13.148141682983391,80.22954776422512,14.0,3.814206600189209,3552.95783867925,50,LOW,0,0.003941128263769774,LOW,0.033105521794767084
5766,13.152662577612151,80.22953365026,10.0,5.226249694824219,3664.3107517829008,50,LOW,0,0.0018673913043478262,LOW,0.057843892966936455
5776,13.175267026703317,80.22946300116584,4.0,0.9263692498207092,4593.297150470445,40,LOW,0,0.018847587436717876,LOW,0.4511292063009455
5777,13.177527469406082,80.22945592898876,5.0,2.777172803878784,4469.572852523923,40,LOW,0,0.00609970060929864,LOW,0.39811470280699174
5778,13.179787911707445,80.22944885549005,3.0,0.9263692498207092,4356.694188891134,40,LOW,0,0.034585078902342324,LOW,0.4419966301814127
5779,13.182048353607328,80.22944178066965,8.0,2.618571519851685,4255.524295197563,10,MODERATE,1,0.01520615134810232,MODERATE,0.5950500951923839
5780,13.184308795105675,80.22943470452752,7.0,4.713325023651123,4166.916101689072,50,LOW,0,0.016905775142731665,LOW,0.40440832853137215
5809,12.922101700828806,80.2325512036726,7.0,4.622196197509766,15.899930451057514,80,HIGH,2,0.7212565973242447,HIGH,0.8827707748134224
5810,12.92436218931005,80.232544299879,7.0,2.0707030296325684,137.40098876158297,50,MODERATE,1,0.25209915667519983,MODERATE,0.8084030417011234
5822,12.951488020318326,80.23246135206051,3.0,4.136011123657227,990.4337534265276,30,LOW,0,0.05954628845027824,LOW,0.3536448225986425
5828,12.96505091450053,80.23241980731216,4.0,1.8522543907165527,1514.5522889238553,10,LOW,0,0.0747901594399697,LOW,0.3363958391627948
5832,12.974092836048904,80.23239208456822,2.0,0.9263692498207092,1483.594326074833,50,LOW,0,0.0241986970545794,LOW,0.13010711073240483
5833,12.976353315447108,80.23238515060109,-1.0,0.9263692498207092,1550.1775715753397,50,LOW,0,0.03122961613549849,LOW,0.14501349434878852
5849,13.01252093196149,80.23227402857856,12.0,2.0707030296325684,333.63118718187764,50,LOW,0,0.047683568205489774,LOW,0.41207221502858904
5850,13.014781404624312,80.23226707228999,2.0,1.309969782829285,83.63232437075825,50,LOW,0,0.3333949697319263,LOW,0.58137307442714
5851,13.017041876890358,80.23226011468785,6.0,3.7006449699401855,166.36653844036104,30,HIGH,2,0.7430376040746379,HIGH,0.9358400346837822
5866,13.050948913224325,80.23215559299258,12.0,2.0707030296325684,760.5481559284013,50,LOW,0,0.03483157895759098,LOW,0.11376688598199389
5870,13.059990774472498,80.23212767059931,12.0,2.0707030296325684,629.7295338782426,50,LOW,0,0.03648713784314986,LOW,0.1622103171464767
5873,13.06677216622924,80.23210671500041,11.0,2.777172803878784,154.31890999065456,50,MODERATE,1,0.177136897854379,LOW,0.5116627839453856
5875,13.07129309207592,80.23209273802699,13.0,1.8522543907165527,272.7424284524357,10,LOW,0,0.06471785754332442,LOW,0.4168661692196104
5878,13.078074477857935,80.23207176270446,7.0,2.927142381668091,722.4595063640144,40,LOW,0,0.12743439337865758,LOW,0.3801355906636119
5879,13.080334938988218,80.23206476830008,10.0,2.0707030296325684,953.2770294469268,50,LOW,0,0.017194245886787425,LOW,0.1174183508777549
5880,13.082595399719864,80.23205777258052,13.0,1.309969782829285,1191.2402797493255,50,LOW,0,0.01734168931021442,LOW,0.10285852246403095
5881,13.08485586005281,80.2320507755457,14.0,1.309969782829285,1430.78867675493,50,LOW,0,0.029643116917409874,LOW,0.08498877540462171
5882,13.087116319986992,80.23204377719557,12.0,1.8522543907165527,1578.6654939945472,50,LOW,0,0.06604051163692734,LOW,0.23172524837501746
5900,13.127804530540708,80.23191758190976,5.0,1.309969782829285,4078.249883842332,50,LOW,0,0.010592857142857143,LOW,0.13099289684923243
5901,13.130064982886212,80.23191055855784,7.0,3.336585760116577,3990.526292700668,50,LOW,0,0.0024077922077922077,LOW,0.0711943803943804
5904,13.136846337522211,80.23188948060309,11.0,0.9263692498207092,3814.555547604642,10,LOW,0,0.0051380952380952385,LOW,0.048355829483600975
5914,13.159450826950456,80.2318191351641,8.0,0.9263692498207092,4169.825638396606,50,MODERATE,1,0.011712244599201121,MODERATE,0.5617384365854426
5922,13.177534389633015,80.23176276397669,2.0,0.9263692498207092,4691.229153990128,40,MODERATE,1,0.04409648488766136,MODERATE,0.5914520091020098
5924,13.18205527629105,80.23174865800429,4.0,1.8522543907165527,4487.765203109986,40,LOW,0,0.0419235514840374,MODERATE,0.5633446466576906
5925,13.184315719017828,80.23174160304144,6.0,1.8522543907165527,4403.832341239134,50,LOW,0,0.013267754777352812,LOW,0.4726495279818171
5926,13.186576161343025,80.23173454676075,2.0,2.927142381668091,4332.717629991907,40,LOW,0,0.09961146748960047,LOW,0.5083780321910756
5946,12.904024530247256,80.23491069052996,5.0,1.309969782829285,501.4001695836454,50,LOW,0,0.46376303973803995,HIGH,0.5860484515484519
5949,12.910806007630317,80.23489006877502,6.0,0.9263692498207092,645.3387516489807,50,MODERATE,1,0.2436349178599179,LOW,0.4665168486103271
5950,12.913066499303817,80.23488319224276,1.0,1.309969782829285,693.3182790040927,30,LOW,0,0.22824978077478078,LOW,0.6075076534576533
5953,12.919847971960872,80.23486255480353,-1.0,5.226249694824219,40.20051785159647,80,MODERATE,1,0.6821678546943248,HIGH,0.8279851410027878
5954,12.922108462058524,80.23485567304274,2.0,5.386162281036377,198.69277284015985,30,MODERATE,1,0.43951865830248193,HIGH,0.8322909035409034
5964,12.944713341347695,80.23478678352535,6.0,1.8522543907165527,848.0812891265163,50,LOW,0,0.08694269574668559,LOW,0.28357597039562177
5965,12.94697382710646,80.2347798873814,1.0,4.136011123657227,897.3198393629526,50,LOW,0,0.05122725184172551,LOW,0.3845505832479517
5967,12.951494797439446,80.2347660911698,-1.0,3.7006449699401855,1159.0312026682318,30,LOW,0,0.039387789987789974,LOW,0.4194837606837608
5968,12.95375528201353,80.234759191102,1.0,2.0707030296325684,1341.6178837808754,30,LOW,0,0.030999707602339176,LOW,0.3485303585303585
5979,12.978620586242906,80.23468320401138,0.0,1.309969782829285,1390.4807056334816,80,LOW,0,0.177349062049062,LOW,0.4276869436119435
5984,12.989922981432263,80.23464861208171,9.0,1.309969782829285,614.2660523734532,50,LOW,0,0.07974110899250482,LOW,0.2627056608550292
5996,13.01704868947444,80.2345654579219,7.0,1.8522543907165527,84.66995251667291,30,HIGH,2,0.8901855475129151,HIGH,0.9542190456656268
5997,13.019309162566833,80.2345585198972,7.0,2.927142381668091,172.91071852767016,10,MODERATE,1,0.31174121303533076,MODERATE,0.9146547130973606
5998,13.021569635262331,80.2345515805628,8.0,4.622196197509766,48.49594945643475,10,MODERATE,1,0.40049794291965346,MODERATE,0.866562031973874
5999,13.02383010756089,80.23454463991861,9.0,2.0707030296325684,163.25237994894164,50,MODERATE,1,0.2747751401092467,MODERATE,0.8952469107439383
6015,13.059997610300648,80.23443341143717,18.0,5.839084625244141,739.3513804641585,50,LOW,0,0.14362506129997843,LOW,0.3223671569907065
6016,13.062258075841289,80.23442644851828,14.0,1.309969782829285,499.3114446197666,30,LOW,0,0.06331615451672659,LOW,0.22360248398688348
6018,13.066779005728206,80.23441251874803,5.0,2.777172803878784,57.62696303238624,40,LOW,0,0.574723473162955,HIGH,0.7756896877490226
6023,13.078081323475365,80.23437767138061,12.0,2.777172803878784,860.028422955733,50,LOW,0,0.04656619107732346,LOW,0.15298530340714292
6024,13.080341785829406,80.23437069797379,14.0,0.9263692498207092,1062.801288951487,50,LOW,0,0.013502078951740106,LOW,0.08749765149242449
6026,13.084862709341577,80.23435674722634,15.0,3.336585760116577,1509.8652615932294,50,LOW,0,0.03165389160491857,LOW,0.08982630151360828
6027,13.087123170499575,80.23434976988561,9.0,1.309969782829285,1743.679573404919,50,MODERATE,1,0.05104908816146191,MODERATE,0.5550092441996792
6028,13.089383631258777,80.23434279123344,12.0,4.136011123657227,1924.962462696154,10,LOW,0,0.21961282142831468,LOW,0.3900988665790366
6044,13.125550949116048,80.23423095439935,16.0,3.7006449699401855,4144.556918484795,10,LOW,0,0.0080021645021645,LOW,0.13159502164502165
6045,13.127811403085738,80.23422395344431,11.0,2.927142381668091,4206.566732854092,10,LOW,0,0.006438095238095238,LOW,0.19203166278166284
6046,13.130071856655473,80.23421695117685,6.0,1.309969782829285,4227.8628244746,50,LOW,0,0.012106637806637809,LOW,0.3112839299328919
6047,13.132332309825188,80.23420994759687,5.0,3.814206600189209,4158.36530865792,40,MODERATE,1,0.012180938453579962,MODERATE,0.5223587008379461
6048,13.134592762594812,80.23420294270431,10.0,1.309969782829285,4102.947723030969,10,LOW,0,0.0019635669362084458,LOW,0.11240625212970813
6049,13.136853214964288,80.23419593649915,8.0,0.9263692498207092,4062.186356581928,50,LOW,0,0.0021177248677248677,LOW,0.1316041586228855
6054,13.148155470807158,80.23416088578198,10.0,4.136011123657227,3946.0080550995576,50,LOW,0,0.005029512516469038,LOW,0.05885976598280948
6064,13.17075995244477,80.23409068586795,6.0,2.927142381668091,4616.777954912739,40,LOW,0,0.015565642638284149,LOW,0.38723948116872636
6067,13.177541289116055,80.2340696002823,5.0,0.9263692498207092,4915.6058086949,10,MODERATE,1,0.007774810213940648,MODERATE,0.634297526869266
6071,13.186583065725008,80.23404146777582,5.0,0.9263692498207092,4574.712182473428,50,LOW,0,0.0169034632034632,MODERATE,0.5332422732822735
6072,13.188843508873347,80.23403443136449,4.0,1.309969782829285,4520.143175162677,40,LOW,0,0.029598860290036756,LOW,0.499025052725053
6091,12.904031261400538,80.23721499554429,-7.0,1.8522543907165527,256.04743380354427,90,HIGH,2,0.9416163395084446,HIGH,0.9778714323688006
6092,12.906291755473696,80.23720814362699,0.0,2.0707030296325684,304.0269611586561,40,HIGH,2,0.9475666411675697,HIGH,0.9728703538291771
6093,12.9085522491532,80.23720129040674,-2.0,4.136011123657227,352.0064885137679,40,HIGH,2,0.9297778917590834,HIGH,0.9609706240268157
6094,12.910812742438996,80.23719443588348,4.0,5.541357040405273,399.98601586887975,40,HIGH,2,0.7048003221941459,HIGH,0.8611594702682941
6095,12.913073235331009,80.23718758005717,2.0,1.309969782829285,447.9655432239917,30,HIGH,2,0.8249895892995894,HIGH,0.8944709096459098
6096,12.91533372782917,80.23718072292773,1.0,0.9263692498207092,495.9450705791034,30,HIGH,2,0.7590574425333871,HIGH,0.8579839007483747
6097,12.917594219933427,80.23717386449512,3.0,3.336585760116577,276.3007202327133,40,MODERATE,1,0.7540192174801466,HIGH,0.8848507151345391
6098,12.919854711643714,80.23716700475929,-1.0,6.650692939758301,39.32613524039672,80,HIGH,2,0.7708004776269477,HIGH,0.9024013470189935
6099,12.922115202959958,80.23716014372017,1.0,1.309969782829285,157.52406345033663,50,MODERATE,1,0.5338195476178451,HIGH,0.9219070401820402
6100,12.924375693882103,80.2371532813777,-2.0,2.927142381668091,264.26056439541594,30,HIGH,2,0.7681208481490984,HIGH,0.9199057331557328
6101,12.92663618441008,80.23714641773185,3.0,0.9263692498207092,408.1124458704952,50,LOW,0,0.16441499712028018,LOW,0.5413271365130796
6102,12.928896674543823,80.23713955278254,3.0,1.8522543907165527,605.9081914694788,50,LOW,0,0.09582337383317295,LOW,0.5084653798335295
6129,12.989929758901294,80.23695370624009,8.0,1.309969782829285,364.26969771483886,10,LOW,0,0.06536898091426394,LOW,0.3052807709935689
6130,12.992190237970524,80.23694680477122,12.0,6.190611839294434,443.24897151054535,30,LOW,0,0.10299284562585241,LOW,0.4228422723072368
6141,13.017055481575843,80.23687080246562,6.0,2.777172803878784,149.23936156421703,10,LOW,0,0.4841375638059071,HIGH,0.8156818956290313
6143,13.02157642980276,80.2368569668926,7.0,3.336585760116577,7.311872374980727,10,HIGH,2,0.7737325271606619,HIGH,0.9261504995004998
6144,13.023836903320865,80.23685004714737,5.0,6.45766544342041,171.9742699055503,10,HIGH,2,0.6353942061923952,HIGH,0.9098342373171013
6145,13.026097376441976,80.23684312609628,11.0,4.622196197509766,294.15231526162586,30,MODERATE,1,0.12407680986024641,MODERATE,0.7862662070161225
6160,13.060004425576228,80.23673915358577,11.0,1.309969782829285,692.734348982338,50,LOW,0,0.024674281375677166,LOW,0.2337332957318772
6161,13.062264892336774,80.2367322116329,17.0,4.622196197509766,444.0992409171131,50,LOW,0,0.11641127629490487,LOW,0.30682220844058006
6163,13.066785824663576,80.23671832380656,9.0,1.309969782829285,49.32302295221554,50,HIGH,2,0.22155544455325704,LOW,0.468040171190457
6165,13.071306755397536,80.2367044307524,9.0,3.814206600189209,478.6934273090083,30,LOW,0,0.15312209471495483,LOW,0.4546602157445271
6168,13.078088148510796,80.23668358136797,11.0,2.0707030296325684,1038.6175566536365,50,LOW,0,0.017422467665009204,LOW,0.11646608405027795
6169,13.080348612084912,80.23667662895875,15.0,2.927142381668091,1212.7222293158225,50,LOW,0,0.02685804687216311,LOW,0.08789706715661633
6171,13.084869538037305,80.23666272021835,15.0,2.0707030296325684,1620.0983567187131,10,LOW,0,0.02790428948192397,LOW,0.11804129280869806
6172,13.087130000415447,80.23665576388707,13.0,1.309969782829285,1840.4597114925389,10,MODERATE,1,0.07979438472076773,MODERATE,0.5979631351267961
6175,13.093911385156918,80.23663488704817,14.0,3.336585760116577,2429.243069063653,50,LOW,0,0.11676069714751558,LOW,0.23598808928069398
6176,13.09617184593954,80.23662792548666,11.0,1.309969782829285,2599.743747667865,50,LOW,0,0.08823200625809788,LOW,0.23418772891756987
6189,13.125557799777592,80.2365373061658,11.0,2.0707030296325684,3902.42177189944,10,LOW,0,0.006171428571428571,LOW,0.019486414454185932
6191,13.130078709758092,80.23652334510835,5.0,4.976532936096191,4022.7609800558703,50,LOW,0,0.021493073593073595,LOW,0.1997755411255411
6192,13.132339164148378,80.23651636261683,8.0,0.9263692498207092,4081.867577894536,50,LOW,0,0.0021177248677248677,LOW,0.15783386669259358
6194,13.13686007172868,80.2365023937079,8.0,2.927142381668091,3934.0558989452393,10,LOW,0,0.0058297840524255615,LOW,0.13106287555212087
6195,13.139120524918576,80.23649540729036,9.0,2.0707030296325684,3855.3419728257054,50,LOW,0,0.0009595296691277002,LOW,0.04830122734772682
6199,13.148162333674934,80.23646744853181,11.0,3.7006449699401855,3696.0959637237056,50,LOW,0,0.004845168667810177,LOW,0.046625074464319766
6201,13.15268323565029,80.2364534612987,11.0,2.927142381668091,3716.161621332716,40,LOW,0,0.0028832639059054154,LOW,0.0398611495003948
6202,13.154943686037036,80.23644646571847,14.0,0.9263692498207092,3751.229546065125,10,LOW,0,0.004785714285714286,LOW,0.05680214982992132
6215,13.184329504577269,80.23635540401888,8.0,2.0707030296325684,4881.581533908858,10,LOW,0,0.011319916142557654,MODERATE,0.5323899196191655
6216,13.186589949348315,80.23634839010485,6.0,0.0,4817.524368770633,40,LOW,0,0.01642539682539683,LOW,0.46600605505605525
6217,13.188850393717765,80.23634137488082,4.0,3.7006449699401855,4765.736439963695,40,LOW,0,0.03735797339914986,LOW,0.5135236596736599
6218,13.191110837685548,80.23633435834675,6.0,1.8522543907165527,4726.621053849861,40,LOW,0,0.01646825396825397,LOW,0.45793529803529825
6236,12.904037972254878,80.2395193018615,-1.0,2.777172803878784,10.69469802344325,90,HIGH,2,0.9210252326105272,HIGH,0.9701370002546477
6237,12.90629846754281,80.23951247063837,-1.0,0.9263692498207092,58.674225378555086,80,HIGH,2,0.9125456834445224,HIGH,0.9756108522196757
6238,12.908558962437109,80.23950563811623,3.0,1.309969782829285,106.65375273366692,30,HIGH,2,0.9165021127994811,HIGH,0.965249234099234
6239,12.910819456937713,80.23949880429501,-1.0,4.976532936096191,154.63328008877875,30,HIGH,2,0.9068730658230659,HIGH,0.9632138139638141
6240,12.913079951044558,80.23949196917468,1.0,5.226249694824219,202.6128074438906,30,HIGH,2,0.8523228441166681,HIGH,0.9507326942665183
6241,12.915340444757575,80.23948513275515,0.0,2.0707030296325684,250.59233479900243,30,HIGH,2,0.9315422799422801,HIGH,0.9569116161616164
6242,12.917600938076712,80.23947829503639,-1.0,2.0707030296325684,298.5718621541143,30,MODERATE,1,0.9186566489066491,HIGH,0.9531803529803532
6243,12.919861431001893,80.23947145601832,1.0,2.777172803878784,189.0962933143857,50,MODERATE,1,0.8394643853841377,HIGH,0.9629689691027927
6244,12.922121923533052,80.23946461570094,1.0,4.976532936096191,64.69821699930799,30,HIGH,2,0.8457517141355377,HIGH,0.963848373848374
6245,12.92438241567014,80.23945777408412,0.0,2.618571519851685,55.21778581225104,30,MODERATE,1,0.43640874358699405,MODERATE,0.9085112054612052
6248,12.93116388971626,80.2394372414367,-3.0,0.9263692498207092,583.7338293961238,50,LOW,0,0.16345708920708918,MODERATE,0.6419264915186483
6249,12.933424380276378,80.23943039462172,-2.0,1.309969782829285,631.6023633659086,50,MODERATE,1,0.048653254153254145,MODERATE,0.7503121647343227
6250,12.935684870442092,80.23942354650704,0.0,4.622196197509766,679.1302782150291,50,MODERATE,1,0.034980601805601814,MODERATE,0.7993334575917914
6259,12.95602926417484,80.23936185497989,5.0,2.927142381668091,1093.382581292047,50,LOW,0,0.08782356037225605,LOW,0.4550029901784065
6263,12.965071206676589,80.23933440271942,4.0,2.777172803878784,1283.9185747910024,50,MODERATE,1,0.04405728595180209,MODERATE,0.6083911537692016
6264,12.967331691313932,80.23932753640328,5.0,1.8522543907165527,1323.9681710135128,80,LOW,0,0.11480942390942393,LOW,0.46790324286824275
6267,12.97411314285352,80.23930692965142,3.0,2.0707030296325684,1477.331907723093,60,LOW,0,0.057388788534187,LOW,0.2133976387580481
6274,12.989936515931714,80.2392588017035,5.0,0.0,114.2892919220964,10,MODERATE,1,0.16515505556534973,MODERATE,0.7019360734037208
6275,12.992196996216514,80.23925192107846,9.0,2.927142381668091,277.1989904742626,10,MODERATE,1,0.06631067115289248,MODERATE,0.6047326740675674
6276,12.99445747610524,80.23924503915228,10.0,1.309969782829285,515.3799747679826,10,LOW,0,0.09237336176794353,LOW,0.2739020605593466
6287,13.019322728722226,80.23916925207254,8.0,0.9263692498207092,283.35942527675456,50,LOW,0,0.17411256660650956,LOW,0.5593898401343027
6288,13.021583203853096,80.23916235452822,8.0,3.814206600189209,167.64384353802265,10,MODERATE,1,0.2842093030917334,MODERATE,0.8824062025312803
6289,13.023843678587063,80.23915545568201,3.0,0.9263692498207092,46.3081024620265,10,HIGH,2,0.7424115108770689,HIGH,0.9083785140948463
6290,13.026104152924065,80.23914855553387,7.0,2.927142381668091,83.80343256153913,30,HIGH,2,0.868885702868839,HIGH,0.9530112319647629
6307,13.064532155854684,80.23903105376468,12.0,2.0707030296325684,212.37220839151323,10,LOW,0,0.08710520545513055,LOW,0.3583719584710914
6308,13.066792623035283,80.23902413017204,9.0,2.618571519851685,13.122177994015168,10,LOW,0,0.29816957743996897,LOW,0.5726098063610734
6310,13.071313556201847,80.23901027907768,12.0,2.0707030296325684,462.0790316725012,50,LOW,0,0.031771324551439,LOW,0.3817304355606801
6314,13.080355417754689,80.238982561251,14.0,1.309969782829285,1388.8182429576625,50,LOW,0,0.01989010616005129,LOW,0.07022426054440503
6316,13.08487634613994,80.2389686945178,13.0,2.777172803878784,1758.5294113649522,50,LOW,0,0.05787831625680051,LOW,0.22187866457109107
6317,13.087136809734549,80.238961759196,11.0,4.713325023651123,1964.0054803650328,50,LOW,0,0.09654861236802412,LOW,0.5065358642869521
6318,13.089397272930391,80.23895482257072,12.0,3.336585760116577,2178.277023495498,10,LOW,0,0.1987557796632331,LOW,0.32569054569785216
6319,13.091657735727408,80.23894788464183,17.0,2.618571519851685,2399.4716200182343,10,LOW,0,0.12564067875107351,LOW,0.23783125254310966
6325,13.105220504130545,80.23890622969027,9.0,4.713325023651123,3439.8758863048465,10,LOW,0,0.015829933791698496,LOW,0.10842144554791613
6333,13.123304172972883,80.23885061673006,11.0,2.927142381668091,3598.07271378227,10,LOW,0,0.013152164502164502,LOW,0.045981529581529595
6335,13.127825086186874,80.23883670044683,10.0,0.0,3720.742031580317,10,LOW,0,0.010589610389610388,LOW,0.03267243244925185
6336,13.130085542194022,80.23882974034842,6.0,2.618571519851685,3779.848629418984,50,LOW,0,0.013133982683982684,LOW,0.07825564543960768
6338,13.134606453008322,80.23881581623775,8.0,2.618571519851685,3798.6939474988176,50,LOW,0,0.004276080348721858,LOW,0.07935161918982672
6357,13.177555025850245,80.2386832768307,2.0,1.309969782829285,4666.961326545755,10,LOW,0,0.09210342405960052,LOW,0.4973711738261744
6361,13.186596812212892,80.23865531374385,4.0,1.8522543907165527,4881.9780299113245,30,LOW,0,0.03976865438483084,LOW,0.516540528915529
6362,13.188857257799764,80.2386483197072,5.0,1.8522543907165527,4769.912273787762,50,LOW,0,0.03442132034632034,LOW,0.4725446958596963
6381,12.904044662810223,80.24182360947769,-2.0,2.927142381668091,234.65803775665773,30,HIGH,2,0.9748207126207126,HIGH,0.991079365079365
6382,12.906305159309255,80.24181679894878,3.0,2.927142381668091,186.678510401546,50,HIGH,2,0.8830304978664265,HIGH,0.9656165076753311
6383,12.90856565541467,80.24180998712478,-1.0,2.618571519851685,138.6989830464341,40,HIGH,2,0.9835279834200886,HIGH,0.9931825396825397
6384,12.910826151126413,80.24180317400567,0.0,3.924445152282715,90.71945569132224,30,HIGH,2,0.9674848262848265,HIGH,0.9832554112554114
6385,12.913086646444418,80.24179635959136,-4.0,2.0707030296325684,42.73992833621042,30,HIGH,2,0.9563388464476698,HIGH,0.9770550144300142
6386,12.91534714136862,80.24178954388181,-1.0,2.777172803878784,5.2395990189014165,90,HIGH,2,0.9228716917069861,HIGH,0.9720168703845177
6387,12.917607635898952,80.24178272687695,-1.0,2.927142381668091,53.21912637401326,40,HIGH,2,0.9554127641965878,HIGH,0.973099963924964
6388,12.919868130035356,80.24177590857673,0.0,2.0707030296325684,101.19865372912508,10,HIGH,2,0.9015081405522583,HIGH,0.9432202669879141
6389,12.92212862377776,80.2417690889811,1.0,3.924445152282715,149.17818108423694,30,HIGH,2,0.8811335522320818,HIGH,0.9777305916305918
6390,12.924389117126108,80.24176226809,-1.0,0.9263692498207092,16.209064638165554,90,MODERATE,1,0.35977479660861983,MODERATE,0.9355795585133817
6393,12.931170594806147,80.24174179764333,-1.0,2.0707030296325684,338.35941456119536,50,LOW,0,0.2799067120444054,MODERATE,0.7177861690511649
6394,12.933431086577617,80.2417349715698,-1.0,1.309969782829285,386.22794853098,50,LOW,0,0.09160846136434375,MODERATE,0.711200980931942
6395,12.9356915779547,80.24172814420052,-1.0,2.927142381668091,433.4976942697748,50,MODERATE,1,0.052495835883529386,MODERATE,0.8685505151988446
6396,12.937952068937337,80.24172131553543,0.0,2.777172803878784,480.0233184394466,50,MODERATE,1,0.019646632996633,MODERATE,0.905621686952313
6397,12.940212559525468,80.2417144855745,-1.0,2.618571519851685,522.2534844721607,50,MODERATE,1,0.030448792240897502,MODERATE,0.8751320482083185
6398,12.94247304971902,80.24170765431764,5.0,3.336585760116577,565.5542749010308,50,MODERATE,1,0.05381190309391921,MODERATE,0.7570145869559493
6400,12.946994028922154,80.24169398791594,0.0,1.309969782829285,657.6106785871049,50,LOW,0,0.028900296000296,MODERATE,0.6323722879444449
6408,12.965077929938897,80.24163927046138,6.0,1.8522543907165527,1037.1473652822474,50,LOW,0,0.087374418818935,LOW,0.3390359035726396
6409,12.967338415787902,80.24163242494575,5.0,3.336585760116577,1077.196961504758,40,LOW,0,0.08130194314645926,LOW,0.4093067679340091
6419,12.989943252523467,80.241563898468,5.0,1.8522543907165527,25.752570283879923,50,LOW,0,0.16117604237867397,LOW,0.5015477923864919
6420,12.992203734020162,80.24155703868684,11.0,1.8522543907165527,271.06723445139073,50,LOW,0,0.06825780683235996,LOW,0.3272108674890343
6422,12.996724695825336,80.24154331523285,10.0,4.136011123657227,428.60613871365206,10,LOW,0,0.09686480371480367,LOW,0.3795771129613215
6434,13.023850433359447,80.24146086551859,6.0,4.622196197509766,264.2004135735334,50,MODERATE,1,0.14604229039830477,MODERATE,0.8109258073868862
6436,13.028371384060852,80.24144710573029,9.0,4.136011123657227,212.19022640939403,50,MODERATE,1,0.09990563898050177,MODERATE,0.7579429573344868
6438,13.032892333173958,80.2414333407496,9.0,2.0707030296325684,17.705853128847437,50,LOW,0,0.18491370405204988,LOW,0.5285915874666266
6446,13.050976113733077,80.2413782288936,13.0,2.777172803878784,252.7408387726336,10,LOW,0,0.07606464572246555,LOW,0.29242792298012577
6452,13.064538932450091,80.24133684045913,13.0,2.618571519851685,325.0905347552645,10,LOW,0,0.06041158370020847,LOW,0.31873275509331717
6453,13.06679940084328,80.24132993784053,12.0,4.136011123657227,95.18248236482876,10,LOW,0,0.16661190326368597,LOW,0.4485761676731117
6456,13.07358080363359,80.24130922219011,11.0,3.336585760116577,607.2746464110446,10,LOW,0,0.1029249125082531,LOW,0.45997097913951995
6457,13.075841270433727,80.24130231437492,6.0,2.927142381668091,829.9559952984387,80,MODERATE,1,0.09227601799072395,MODERATE,0.7240911900128221
6459,13.080362202838684,80.2412884948466,12.0,1.8522543907165527,1270.5875067782122,50,LOW,0,0.024826198055197316,LOW,0.11264920864420516
6460,13.082622668443362,80.24128158313336,11.0,2.618571519851685,1488.7726134660795,50,LOW,0,0.031152527082288946,LOW,0.1774382316717473
6461,13.084883133649434,80.24127467012067,7.0,2.927142381668091,1715.143403856596,10,LOW,0,0.18396815506233835,LOW,0.359431901639313
6462,13.08714359845682,80.24126775580847,11.0,2.618571519851685,1944.3898048042004,50,MODERATE,1,0.09774638202600809,MODERATE,0.6820743814952603
6463,13.08940406286547,80.24126084019669,14.0,1.309969782829285,2178.0563197636093,50,LOW,0,0.08059335266107662,LOW,0.2404491676345541
6464,13.091664526875311,80.24125392328529,12.0,1.309969782829285,2414.996263164372,50,LOW,0,0.1690105170874596,LOW,0.3597238124315326
6477,13.12105052268274,80.2411638851449,6.0,2.927142381668091,3293.7236556651,30,LOW,0,0.019717316017316015,LOW,0.13327178077178078
6478,13.123310981102572,80.24115695003272,10.0,5.386162281036377,3355.937567196914,10,LOW,0,0.010732386894151598,LOW,0.09646928104575163
6482,13.132352810783589,80.24112919657865,8.0,1.309969782829285,3596.0428766207606,50,LOW,0,0.013033367506009017,LOW,0.09305928414725627
6485,13.139134178844332,80.24110836783088,4.0,2.618571519851685,3379.1941837840213,10,MODERATE,1,0.016239596876553394,MODERATE,0.648655595186286
6487,13.14365508888386,80.24109447549473,5.0,1.309969782829285,3250.7976182056136,50,LOW,0,0.0408015306746581,LOW,0.15610925767141134
6489,13.14817599732202,80.2410805779546,8.0,0.9263692498207092,3196.3130286852106,50,LOW,0,0.013945993856479792,LOW,0.10761728647258623
6490,13.150436450940422,80.24107362723292,11.0,2.0707030296325684,3198.1686773446754,30,LOW,0,0.009766508112679036,LOW,0.05999302090714917
6500,13.173040965084509,80.24100404844262,4.0,2.0707030296325684,4149.932770877891,40,LOW,0,0.03686347080455774,LOW,0.4828649187975591
6502,13.177561863101282,80.24099011706559,2.0,0.9263692498207092,4485.60740877061,80,LOW,0,0.17984401791019458,LOW,0.5133637296037298
6503,13.179822311507746,80.24098314942434,3.0,0.0,4642.749600245796,10,LOW,0,0.04932810691723736,LOW,0.5056340403557795
6508,13.191124547518292,80.2409482916883,4.0,5.911112308502197,4417.528563746123,10,LOW,0,0.06931998380988151,LOW,0.5300459623354765
6509,13.193384993515602,80.24094131623477,5.0,1.309969782829285,4260.599816915933,40,LOW,0,0.03416204583282588,LOW,0.4314366149834821
6526,12.904051333066528,80.24412791838888,2.0,0.0,480.0107735367588,30,HIGH,2,0.9233437074037073,HIGH,0.9635010711510711
6527,12.90631183077298,80.24412112855426,2.0,0.9263692498207092,432.03124618164696,30,HIGH,2,0.958653380247204,HIGH,0.9788810958649197
6528,12.90857232808584,80.24411433742848,2.0,1.8522543907165527,384.0517188265352,30,HIGH,2,0.9612668168106402,HIGH,0.9790877336715571
6529,12.910832825005048,80.24410754501152,-3.0,0.0,336.07219147142325,40,HIGH,2,0.9776263365031942,HIGH,0.9904536947572552
6530,12.913093321530535,80.2441007513033,0.0,4.136011123657227,288.0926641163115,30,HIGH,2,0.9552203296703299,HIGH,0.9841045454545456
6531,12.915353817662238,80.24409395630376,0.0,1.8522543907165527,240.1131367611996,30,HIGH,2,0.9590785866180606,HIGH,0.9739349358244098
6532,12.917614313400104,80.24408716001287,-1.0,0.9263692498207092,192.1336094060878,50,HIGH,2,0.9653706566395419,HIGH,0.9862170571258805
6533,12.919874808744051,80.24408036243054,-2.0,2.0707030296325684,144.15408205097594,50,HIGH,2,0.9737015559603796,HIGH,0.9934315795315796
6534,12.922135303694024,80.24407356355674,-4.0,0.9263692498207092,96.17455469586412,50,HIGH,2,0.917260807862588,HIGH,0.9906964063714063
6535,12.924395798249964,80.24406676339142,2.0,2.618571519851685,49.60220286158671,30,HIGH,2,0.7337765016298664,HIGH,0.9443454648008992
6536,12.9266562924118,80.24405996193448,-1.0,2.0707030296325684,2.7520682133025,80,MODERATE,1,0.4699499066293181,HIGH,0.9250733056159528
6537,12.928916786179464,80.24405315918591,-4.0,1.309969782829285,45.11646575648218,60,HIGH,2,0.7084591398024057,HIGH,0.9589145804401997
6538,12.931177279552896,80.24404635514566,-2.0,0.9263692498207092,92.98499972626684,30,MODERATE,1,0.3509080394407792,MODERATE,0.8989363059369251
6539,12.933437772532036,80.24403954981364,0.0,4.622196197509766,140.85353369605153,40,MODERATE,1,0.12872577651107062,MODERATE,0.9453197581773642
6540,12.935698265116809,80.2440327431898,1.0,0.9263692498207092,187.8651103245203,50,MODERATE,1,0.044182330577918844,MODERATE,0.9272870999343923
6541,12.937958757307165,80.24402593527411,1.0,1.8522543907165527,234.3907344941922,50,MODERATE,1,0.039208820754409,MODERATE,0.9428370666343592
6542,12.940219249103029,80.24401912606649,1.0,4.136011123657227,275.60876351807224,50,MODERATE,1,0.04775845722904546,MODERATE,0.9209922515191501
6543,12.94247974050434,80.24401231556689,3.0,4.976532936096191,319.8184822648619,40,MODERATE,1,0.06123045843045842,MODERATE,0.8774206394409975
6544,12.944740231511034,80.24400550377526,3.0,2.618571519851685,365.7958703754738,30,MODERATE,1,0.058162857415488996,MODERATE,0.8458188977665689
6545,12.947000722123049,80.24399869069154,2.0,2.777172803878784,412.4355004743404,50,MODERATE,1,0.016233831908831906,MODERATE,0.8761908749701776
6546,12.949261212340318,80.24399187631568,3.0,4.136011123657227,461.3142487947935,30,MODERATE,1,0.07781257816257815,MODERATE,0.8375498607449395
6562,12.985429002078854,80.24388267052454,3.0,1.309969782829285,483.9780993596312,50,LOW,0,0.0346176430976431,LOW,0.25029528385475575
6563,12.987689485575627,80.24387583417366,8.0,1.8522543907165527,234.99865875457047,10,LOW,0,0.06339466089466088,LOW,0.34231416936184383
6568,12.998991897119724,80.24384163302093,8.0,3.814206600189209,166.7446078604523,10,LOW,0,0.12205194707253536,LOW,0.5217336415218767
6573,13.010294298758277,80.24380739953243,12.0,0.9263692498207092,452.5638243975433,10,LOW,0,0.04806074052653,LOW,0.2199699267900051
6579,13.023857167637953,80.24376627665316,7.0,0.9263692498207092,180.9478874187724,10,MODERATE,1,0.15564263488489502,MODERATE,0.8183066243357714
6580,13.026117644395692,80.2437594183111,1.0,4.622196197509766,15.86981216610331,50,LOW,0,0.4133380514952885,HIGH,0.7557064407814409
6596,13.062285218485233,80.24364950880205,8.0,0.0,652.4439964021586,50,LOW,0,0.07120251119136568,LOW,0.2362159568771952
6597,13.064545688485412,80.2436426284526,13.0,1.309969782829285,420.5343151936422,10,LOW,0,0.04888894756441445,LOW,0.19597544832887412
6599,13.069066627291468,80.24362886386847,7.0,3.7006449699401855,49.13134646205288,50,LOW,0,0.4143239251164027,HIGH,0.6423984505874918
6600,13.071327096097214,80.24362197963366,12.0,1.309969782829285,271.09374763921454,50,LOW,0,0.11089613991205481,LOW,0.518893409304859
6601,13.073587564504688,80.24361509410363,8.0,1.8522543907165527,492.0081475770337,10,LOW,0,0.1311426645759539,LOW,0.3916561461320992
6602,13.075848032513823,80.24360820727831,14.0,4.713325023651123,712.9225475148528,50,LOW,0,0.0972640304894548,LOW,0.34360754606471455
6603,13.078108500124564,80.24360131915766,14.0,1.309969782829285,929.7634355980376,50,LOW,0,0.03177956099350786,LOW,0.11330802770346356
6604,13.080368967336836,80.2435944297416,13.0,0.9263692498207092,1156.531040349113,50,LOW,0,0.026965214229161098,LOW,0.10649171056649426
6605,13.082629434150578,80.2435875390301,14.0,1.8522543907165527,1387.7538561725437,50,LOW,0,0.022685954437033105,LOW,0.0804314118816806
6606,13.084889900565727,80.24358064702308,12.0,2.618571519851685,1624.5425154047052,50,LOW,0,0.060463599284132426,LOW,0.18552916750380066
6607,13.08715036658222,80.2435737537205,11.0,2.927142381668091,1864.7830982162857,50,MODERATE,1,0.13905982795206276,MODERATE,0.7411150763741668
6608,13.089410832199992,80.24356685912228,13.0,4.622196197509766,2107.100225015426,50,LOW,0,0.23381955356182113,LOW,0.4015644375547939
6609,13.09167129741898,80.2435599632284,14.0,2.0707030296325684,2349.7581578744685,50,LOW,0,0.12306258204280603,LOW,0.27469671166758197
6610,13.093931762239116,80.24355306603877,12.0,2.927142381668091,2593.467239811083,50,LOW,0,0.18529434125864436,LOW,0.3687894095178153
6613,13.100713154305796,80.24353236669491,8.0,1.309969782829285,3077.159041791266,10,LOW,0,0.04438472448267844,LOW,0.14457937915415248
6614,13.102973617529893,80.24352546432176,7.0,2.618571519851685,3002.394120368649,50,LOW,0,0.020553030303030306,LOW,0.11607007545403773
6626,13.130099145065588,80.2434425347384,9.0,0.9263692498207092,3294.023928145208,50,LOW,0,0.0030714285714285713,LOW,0.04594795930668615
6634,13.148182798101214,80.24338714461963,7.0,1.309969782829285,2946.449181555131,10,LOW,0,0.03639913116094697,LOW,0.1621099474935837
6635,13.150443252929316,80.24338021501819,9.0,2.927142381668091,2948.4620891055506,10,LOW,0,0.011221958468398605,LOW,0.1184167892585517
6637,13.154964161383914,80.24336635192363,7.0,1.8522543907165527,3015.32096362961,30,LOW,0,0.03431904015012154,LOW,0.12066356907176928
6638,13.157224615010286,80.24335941843039,9.0,1.309969782829285,3078.802758396512,10,LOW,0,0.017945243954841986,LOW,0.08587881642531589
6639,13.159485068235954,80.24335248363977,4.0,2.777172803878784,3160.8372840935253,40,LOW,0,0.046442364892850814,LOW,0.4301701408367137
6648,13.179829129224649,80.24329001213272,4.0,2.0707030296325684,4451.334622122838,40,MODERATE,1,0.08150108952570592,MODERATE,0.7284130665228499
6653,13.191131371285383,80.24325526031434,5.0,7.865800857543945,4229.527389083021,10,LOW,0,0.05565661025533149,LOW,0.49739358138309564
6654,13.193391818492795,80.2432483060562,5.0,2.777172803878784,4065.347970763958,80,LOW,0,0.10704518292165352,LOW,0.4855137754402461
6671,12.90405798302373,80.24643222859117,1.0,2.0707030296325684,725.3635093168598,10,MODERATE,1,0.25541350562062637,MODERATE,0.8319396597296748
6672,12.906318481933928,80.24642545945089,9.0,6.45766544342041,677.3839819617482,30,MODERATE,1,0.3469971340750752,MODERATE,0.8036219530469526
6673,12.908578980450558,80.24641868902339,10.0,5.839084625244141,629.4044546066361,30,HIGH,2,0.6179929005308418,HIGH,0.8725313519813522
6674,12.910839478573555,80.24641191730862,0.0,1.309969782829285,581.4249272515244,10,HIGH,2,0.7600831469184409,HIGH,0.8946813836490306
6675,12.913099976302858,80.24640514430654,2.0,2.777172803878784,533.4453998964125,30,HIGH,2,0.8839309146409144,HIGH,0.956172383172383
6676,12.915360473638392,80.24639837001708,1.0,3.924445152282715,485.4658725413008,50,HIGH,2,0.8651763091586776,HIGH,0.9468965534465535
6677,12.917620970580106,80.2463915944402,-1.0,2.618571519851685,437.4863451861888,80,HIGH,2,0.9007161679909359,HIGH,0.9484538550115177
6678,12.91988146712793,80.24638481757583,-2.0,2.0707030296325684,389.50681783107706,50,HIGH,2,0.9469133621366598,HIGH,0.9761953715015639
6679,12.922141963281796,80.2463780394239,-1.0,1.309969782829285,341.52729047596523,50,HIGH,2,0.9206408170347029,HIGH,0.98107925603808
6680,12.924402459041644,80.2463712599844,0.0,2.0707030296325684,295.3607861571336,50,HIGH,2,0.759430814945289,HIGH,0.9537904928404932
6681,12.926662954407414,80.24636447925724,-5.0,0.0,248.12648304823105,50,HIGH,2,0.8437362343968376,HIGH,0.9646160173160169
6682,12.928923449379036,80.24635769724236,-1.0,0.0,200.2579490784464,30,HIGH,2,0.725887419374571,HIGH,0.9268469994917363
6683,12.931183943956446,80.24635091393974,-1.0,2.0707030296325684,152.38941510866167,50,HIGH,2,0.6059306965652167,HIGH,0.9498967960402174
6684,12.933444438139585,80.24634412934928,0.0,2.618571519851685,104.52088113887696,50,MODERATE,1,0.13315252802752806,MODERATE,0.9765860849878091
6685,12.935704931928376,80.24633734347096,0.0,2.777172803878784,57.76747362073406,50,MODERATE,1,0.1678154262404263,MODERATE,0.9651166544183789
6686,12.93796542532277,80.2463305563047,1.0,2.927142381668091,11.85729530581011,80,HIGH,2,0.6106996149275554,HIGH,0.9304766467192933
6687,12.940225918322696,80.24632376785047,1.0,3.7006449699401855,28.964042563983813,50,MODERATE,1,0.16003139638139643,MODERATE,0.944763397713398
6688,12.942486410928089,80.24631697810818,-1.0,1.309969782829285,74.0826896286931,50,MODERATE,1,0.15811018377047786,MODERATE,0.9272160339660342
6689,12.944746903138888,80.24631018707781,0.0,2.0707030296325684,120.060077739305,50,MODERATE,1,0.050490775890775906,MODERATE,0.9750054933572173
6690,12.94700739495502,80.24630339475927,3.0,1.8522543907165527,167.26032236157585,50,MODERATE,1,0.07666361006666567,MODERATE,0.8961173213700685
6691,12.949267886376433,80.24629660115255,1.0,2.927142381668091,216.1390706820289,50,MODERATE,1,0.04476572871572869,MODERATE,0.9429002728442304
6692,12.951528377403054,80.24628980625755,1.0,2.0707030296325684,265.01781900248204,10,LOW,0,0.10292907496700068,MODERATE,0.6855668220196434
6704,12.978654238905646,80.24620816701285,4.0,2.0707030296325684,818.2722260730366,30,LOW,0,0.10740690892142511,LOW,0.43438925611382356
6707,12.985435695384108,80.24618772820324,6.0,0.9263692498207092,514.1617742125982,50,LOW,0,0.07715851555851558,LOW,0.19784897899167347
6708,12.98769618008538,80.24618091268847,8.0,2.777172803878784,280.36342439392246,50,LOW,0,0.09759161909852515,LOW,0.34535298772174283
6709,12.989956664390776,80.2461740958845,4.0,0.9263692498207092,109.35702484089887,30,LOW,0,0.2198274281274282,LOW,0.5429207042957045
6711,12.994477631813668,80.2461604584087,8.0,2.927142381668091,438.2921488173012,50,LOW,0,0.08126491943241944,LOW,0.22931674375106864
6713,12.998998597652276,80.24614681577538,11.0,2.0707030296325684,311.99359418153364,10,LOW,0,0.057498701298701285,LOW,0.25957370421646886
6715,13.00351956190608,80.24613316798413,3.0,0.9263692498207092,200.0805600617014,40,LOW,0,0.15230270464829287,LOW,0.5246731461239618
6717,13.00804052457457,80.24611951503445,13.0,2.927142381668091,209.49448159513648,10,LOW,0,0.07158245806481102,LOW,0.3193458669083472
6722,13.019342924306676,80.24608536008935,12.0,4.136011123657227,290.8499486352783,50,LOW,0,0.14168414391976514,MODERATE,0.6140862304450906
6723,13.021603403063022,80.24607852523059,9.0,2.0707030296325684,176.1705988411425,50,HIGH,2,0.4415388489672751,HIGH,0.8389871715902961
6732,13.04194769400456,80.2460169534428,12.0,5.617307186126709,56.4638004825234,50,LOW,0,0.19193662827263405,LOW,0.5074291762896603
6733,13.044208168789606,80.24601010568105,6.0,4.136011123657227,112.40416480853712,40,LOW,0,0.4252937948905913,HIGH,0.7368939204959799
6741,13.0622919527552,80.24595527712036,14.0,3.7006449699401855,668.5190639150039,50,LOW,0,0.05177834521669517,LOW,0.20911657086307162
6742,13.064552423960592,80.24594841774112,16.0,3.814206600189209,509.8308039430244,50,LOW,0,0.07294568518666673,LOW,0.21862354672218148
6744,13.069073365177132,80.24593469510921,10.0,2.618571519851685,66.85410008219036,10,LOW,0,0.19180182793800918,LOW,0.5327353410602926
6745,13.071333835188158,80.24592783185646,14.0,1.309969782829285,154.06029985562876,10,LOW,0,0.14387018912986654,LOW,0.5538943380991768
6746,13.073594304800936,80.24592096731243,8.0,3.814206600189209,370.77782800959295,50,LOW,0,0.18039890682856857,LOW,0.5543406841230116
6749,13.080375711249092,80.24590036593207,12.0,2.927142381668091,1076.3241964762344,10,LOW,0,0.10146282291706901,LOW,0.21700995678087925
6750,13.082636179268215,80.24589349622235,10.0,3.814206600189209,1319.0496797942117,50,LOW,0,0.10914829001461882,LOW,0.2260204880780295
6751,13.08489664688877,80.24588662522106,13.0,4.136011123657227,1563.5219797754405,50,LOW,0,0.16507323918499525,LOW,0.2652536346456018
6752,13.087157114110688,80.24587975292815,8.0,1.8522543907165527,1809.505430971848,10,HIGH,2,0.6809637497476199,HIGH,0.8239213113182309
6753,13.089417580933905,80.24587287934357,8.0,3.336585760116577,2056.457835257585,50,HIGH,2,0.7206585102972884,HIGH,0.8801306554386713
6754,13.091678047358354,80.24586600446725,7.0,1.309969782829285,2304.0676534485733,50,LOW,0,0.617488658707815,HIGH,0.8068936574536119
6755,13.09393851338398,80.24585912829916,10.0,2.0707030296325684,2552.1435451682014,50,LOW,0,0.2115086862593831,LOW,0.41851047059338936
6756,13.096198979010712,80.2458522508392,8.0,1.8522543907165527,2800.561657707149,50,LOW,0,0.3272601590006083,LOW,0.5614515748334332
6757,13.098459444238488,80.24584537208737,12.0,5.617307186126709,2943.100768519753,10,LOW,0,0.10442286335382313,LOW,0.2771024445683889
6758,13.100719909067244,80.24583849204356,7.0,1.8522543907165527,2842.93946808722,10,LOW,0,0.0859638973484681,LOW,0.2656996095809572
6759,13.102980373496916,80.24583161070775,7.0,1.8522543907165527,2761.841325050108,10,LOW,0,0.09493173114865484,LOW,0.28841742640465623
6760,13.10524083752744,80.24582472807987,9.0,3.336585760116577,2701.523679389286,50,LOW,0,0.043656653093495194,LOW,0.18988428608428615
6769,13.125584995829923,80.24576272627648,8.0,2.927142381668091,2932.8983818309885,50,LOW,0,0.025447090351354177,LOW,0.14695790500687045
6770,13.127845455865447,80.24575583072479,9.0,2.927142381668091,2992.004979669654,50,LOW,0,0.01151856661856662,LOW,0.07499752284752283
6771,13.130105915501115,80.24574893388042,6.0,2.0707030296325684,3051.1115775083204,50,LOW,0,0.04285656195656195,LOW,0.18598060553242496
6782,13.15497094508492,80.2456729832586,8.0,1.8522543907165527,2771.6973708989726,30,LOW,0,0.10083224886733835,LOW,0.33123805890607727
6783,13.157231399917375,80.24566607089754,8.0,2.0707030296325684,2840.6288436284744,10,MODERATE,1,0.09005225685499342,LOW,0.5268117285201734
6791,13.175315024146974,80.24561072544088,5.0,0.9263692498207092,3940.161997720424,40,LOW,0,0.08575960829451877,LOW,0.2828797716601973
6793,13.179835926193702,80.24559687613906,0.0,3.7006449699401855,4265.985933595705,80,HIGH,2,0.4886606527459467,HIGH,0.7230249986941164
6794,13.182096376615108,80.2455899495472,8.0,0.9263692498207092,4365.959796884149,10,LOW,0,0.03245352173165472,LOW,0.5067718972937646
6799,13.193398622700052,80.24555529717593,-2.0,8.22935962677002,3876.389743935094,80,LOW,0,0.34055140888523233,LOW,0.5611755228431701
6800,13.195659070712177,80.24554836281891,5.0,3.7006449699401855,3713.4282860015455,80,LOW,0,0.12840325262972324,LOW,0.4456709182973891
6801,13.197919518322529,80.2455414271675,3.0,2.0707030296325684,3560.576052223512,10,LOW,0,0.06223167249099741,LOW,0.3480631236485355
6815,12.901804112178027,80.2487432872433,8.0,2.927142381668091,1018.6957724520728,50,HIGH,2,0.5237699044390995,HIGH,0.7253820425647054
6821,12.91536710929702,80.24870278501784,10.0,2.927142381668091,730.8186083214018,10,LOW,0,0.2559804875844774,LOW,0.5787391560429761
6822,12.91762760743891,80.24869603015502,2.0,2.0707030296325684,682.8390809662898,50,MODERATE,1,0.21008290423027268,MODERATE,0.8318752525252523
6823,12.919888105186931,80.24868927400865,0.0,5.541357040405273,634.8595536111782,10,LOW,0,0.21304523809523818,MODERATE,0.6924830364080365
6824,12.922148602541016,80.24868251657868,0.0,4.136011123657227,586.9747806553484,50,MODERATE,1,0.23723594036682283,MODERATE,0.8568045093795095
6825,12.924409099501103,80.24867575786504,1.0,1.8522543907165527,541.1193694526804,30,MODERATE,1,0.19044854608354614,MODERATE,0.8482536422575442
6826,12.926669596067132,80.2486689978677,1.0,2.927142381668091,493.5008978831596,50,LOW,0,0.1850316249654485,MODERATE,0.7776846684152945
6827,12.928930092239035,80.24866223658657,1.0,1.309969782829285,445.6323639133748,50,MODERATE,1,0.09696970779764895,MODERATE,0.8456795207851465
6828,12.931190588016747,80.24865547402162,2.0,2.0707030296325684,397.76382994359017,50,MODERATE,1,0.05036079106079107,MODERATE,0.8920376814969841
6829,12.93345108340021,80.2486487101728,2.0,2.0707030296325684,349.9256817356603,50,MODERATE,1,0.03708204018204018,MODERATE,0.9057419611679304
6830,12.935711578389345,80.24864194504003,-1.0,0.9263692498207092,303.4000575659885,50,MODERATE,1,0.153134373959374,MODERATE,0.9164153791771242
6831,12.937972072984104,80.24863517862327,0.0,2.618571519851685,258.50201625989854,50,MODERATE,1,0.055373324482535,MODERATE,0.963552951792389
6832,12.94023256718441,80.24862841092248,1.0,2.0707030296325684,217.6304911180876,50,MODERATE,1,0.018175647159857686,MODERATE,0.980582455621893
6833,12.942493060990207,80.24862164193758,0.0,2.0707030296325684,171.6531030074757,50,MODERATE,1,0.060029496578412986,MODERATE,0.9804766566968016
6834,12.944753554401434,80.24861487166851,2.0,2.0707030296325684,125.67571489686378,50,MODERATE,1,0.04586078504511,MODERATE,0.9287374700380497
6835,12.947014047418016,80.24860810011522,1.0,0.0,77.91485575118867,50,MODERATE,1,0.06397597402597403,MODERATE,0.9356175091192336
6836,12.949274540039893,80.24860132727767,3.0,1.309969782829285,29.03610743073556,50,MODERATE,1,0.06830545886861673,MODERATE,0.883915497574321
6837,12.951535032267008,80.24859455315581,3.0,0.9263692498207092,19.183588993615267,50,MODERATE,1,0.06422493938809726,MODERATE,0.8830006346594584
6838,12.953795524099286,80.24858777774955,3.0,0.9263692498207092,64.60460921906548,50,LOW,0,0.07394937883753676,MODERATE,0.7132886572521461
6841,12.960576997226491,80.24856744382397,4.0,1.8522543907165527,200.86766989541613,50,LOW,0,0.06237990956412008,LOW,0.46820636127075127
6849,12.978660908177083,80.24851316349586,3.0,0.9263692498207092,568.3890722083356,40,LOW,0,0.07315355470618624,LOW,0.40273818297388453
6851,12.983181881959991,80.24849958056448,1.0,2.777172803878784,489.77644521167446,60,LOW,0,0.12579793292649327,LOW,0.4461660675223549
6852,12.985442368257882,80.2484927871711,5.0,2.777172803878784,430.0836724397523,30,LOW,0,0.08159065009065007,LOW,0.34464379203388307
6853,12.987702854159982,80.24848599249249,5.0,1.309969782829285,379.736550036316,50,LOW,0,0.035437161444793024,LOW,0.2156774920809883
6855,12.992223824776536,80.24847239927941,8.0,3.814206600189209,250.39469519555567,50,LOW,0,0.09065618900574218,LOW,0.37293216577443755
6856,12.99448430949086,80.24846560074484,9.0,0.9263692498207092,188.7911102785128,10,LOW,0,0.07022403152403152,LOW,0.34746417474430213
6857,12.996744793809135,80.24845880092482,9.0,2.0707030296325684,137.04248798278724,10,LOW,0,0.1302094859247033,LOW,0.3998160460312634
6858,12.9990052777313,80.24845199981932,9.0,4.622196197509766,68.98624388339546,50,LOW,0,0.1433848096348097,LOW,0.4277430347430349
6862,13.008047209457509,80.24842478254129,9.0,4.976532936096191,40.22864898432516,50,LOW,0,0.15905951270951268,LOW,0.4861928404928405
6863,13.010307691398133,80.24841797500751,6.0,5.617307186126709,28.46607895931964,50,LOW,0,0.239818599838414,LOW,0.586540262077104
6865,13.014828654089811,80.24840435608239,6.0,3.336585760116577,11.856484497637467,50,LOW,0,0.3407889942187157,HIGH,0.6592286540085301
6866,13.017089134840742,80.24839754469096,5.0,4.136011123657227,4.912064919938178,10,HIGH,2,0.4438236697598928,HIGH,0.7828426113102585
6867,13.01934961519498,80.24839073201353,6.0,2.0707030296325684,83.55396167188482,80,HIGH,2,0.539939614118252,HIGH,0.8211655273347226
6869,13.023870574713118,80.24837710280048,12.0,1.309969782829285,173.38285836572197,50,MODERATE,1,0.1600743042238574,MODERATE,0.7511153371105751
6881,13.050996298465687,80.24829521946917,14.0,0.9263692498207092,149.75464776375426,10,LOW,0,0.1413208452366347,LOW,0.4531469632706474
6886,13.062298666468651,80.24826104672974,13.0,1.8522543907165527,426.2560118911499,50,LOW,0,0.03427614380526095,LOW,0.21794129800013676
6887,13.064559138875582,80.24825420832074,13.0,1.309969782829285,556.7512099778445,50,LOW,0,0.03662620275404656,LOW,0.2296387887767769
6889,13.069080082495256,80.24824052764122,14.0,2.618571519851685,187.1183034526968,10,MODERATE,1,0.04587932443900185,MODERATE,0.8349906931205759
6890,13.071340553707874,80.24823368537056,12.0,5.226249694824219,45.54816793704245,50,MODERATE,1,0.12480536352431039,MODERATE,0.8232550914855755
6891,13.073601024522263,80.24822684181257,13.0,2.0707030296325684,288.826444483206,50,MODERATE,1,0.0427468832897641,MODERATE,0.8508130742177509
6892,13.075861494938358,80.2482199969672,6.0,2.618571519851685,536.7770845597928,10,LOW,0,0.16402930298797938,LOW,0.48091005979692614
6894,13.080382434575403,80.24820630341404,13.0,2.0707030296325684,1035.638684802722,10,LOW,0,0.06311163025352341,LOW,0.19805875455315536
6895,13.082642903796232,80.24819945470615,11.0,2.927142381668091,1285.401263783264,50,LOW,0,0.09591118335462762,LOW,0.18571587374037252
6896,13.084903372618507,80.24819260471065,15.0,2.618571519851685,1535.2411316830046,50,LOW,0,0.07788991094272361,LOW,0.14603057263930797
6897,13.087163841042168,80.24818575342748,13.0,3.924445152282715,1785.1258375495586,50,HIGH,2,0.5195646328876775,HIGH,0.6955392350413688
6898,13.089424309067148,80.24817890085659,5.0,1.8522543907165527,2035.038864337169,10,HIGH,2,0.7603585244405137,HIGH,0.8706435975739693
6899,13.091684776693386,80.24817204699791,6.0,2.0707030296325684,2284.9709194732463,10,HIGH,2,0.6103175220992018,HIGH,0.7881268831995923
6900,13.09394524392082,80.24816519185138,12.0,1.309969782829285,2534.916374619509,10,LOW,0,0.2355796504664924,LOW,0.41507757096704456
6901,13.09620571074938,80.24815833541697,5.0,1.309969782829285,2784.8714626937685,50,LOW,0,0.5264828917846797,HIGH,0.7460354473176375
6902,13.098466177179004,80.2481514776946,8.0,0.9263692498207092,2720.3380643574174,50,LOW,0,0.20802216482348068,LOW,0.48937147810098625
6903,13.10072664320963,80.24814461868424,9.0,0.9263692498207092,2611.6473479278075,50,LOW,0,0.057109735271035585,LOW,0.19724145512135022
6904,13.102987108841193,80.24813775838581,8.0,1.8522543907165527,2523.1259491917635,50,LOW,0,0.10112841270976634,LOW,0.38033009498790293
6905,13.105247574073635,80.24813089679925,8.0,3.7006449699401855,2456.954871590304,50,MODERATE,1,0.07620933851150567,MODERATE,0.573611831666786
6906,13.107508038906872,80.24812403392451,6.0,2.927142381668091,2412.8684462336746,10,LOW,0,0.09811472599398983,LOW,0.4143952036807015
6907,13.109768503340868,80.24811716976157,9.0,0.9263692498207092,2388.16046141859,10,LOW,0,0.056966517377817695,LOW,0.16163577168009802
6908,13.112028967375538,80.24811030431032,9.0,4.622196197509766,2389.495059659257,50,LOW,0,0.0492295272781341,LOW,0.23684251414793214
6916,13.130112665269737,80.2480553343152,4.0,3.814206600189209,2808.199226871432,50,MODERATE,1,0.12062340651974522,MODERATE,0.7217669424905123
6928,13.157238164113377,80.2479727246581,10.0,0.9263692498207092,2604.6723458811707,10,LOW,0,0.07072909242709348,LOW,0.27591199817502005
6929,13.15949861974756,80.24796583213978,4.0,2.927142381668091,2701.144931469596,10,MODERATE,1,0.07520091890688346,MODERATE,0.8063338732384615
6930,13.16175907498102,80.24795893833193,6.0,1.309969782829285,2816.567033146851,40,HIGH,2,0.43036510265783934,HIGH,0.6784507764947546
6931,13.164019529813688,80.24795204323452,4.0,0.9263692498207092,2948.71425601319,10,MODERATE,1,0.10478095456834184,MODERATE,0.7221438132101747
6938,13.17984270241485,80.2479037414394,3.0,2.927142381668091,4086.9909440806873,10,MODERATE,1,0.09344380900429491,MODERATE,0.7561301389431825
6939,13.182103154038888,80.24789683602326,4.0,2.618571519851685,4142.926155534959,30,MODERATE,1,0.06611364472413064,MODERATE,0.7889302887933327
6945,13.195665855352196,80.24785537643245,6.0,2.0707030296325684,3523.335487683075,40,LOW,0,0.08362657933853586,LOW,0.3121537403417838
6946,13.197926304165328,80.24784846198446,4.0,0.0,3361.851446325093,10,LOW,0,0.04803388755319701,LOW,0.4104554913685349
6960,12.901810720340498,80.25104757932546,5.0,1.309969782829285,1264.0485082321738,50,HIGH,2,0.2785571588133505,LOW,0.5585637710660727
6975,12.93571820449966,80.25094654789311,3.0,2.0707030296325684,549.0326415112428,50,LOW,0,0.044659780704296825,MODERATE,0.5947266182464037
6976,12.937978700291106,80.2509398022259,2.0,0.9263692498207092,505.14673721398685,10,LOW,0,0.08478308718571878,LOW,0.5358713963438428
6977,12.940239195688124,80.2509330552786,2.0,2.777172803878784,463.3662837542565,50,MODERATE,1,0.02847834295334295,MODERATE,0.7444541980742769
6978,12.942499690690653,80.25092630705112,1.0,2.0707030296325684,417.3888956436445,40,MODERATE,1,0.03691928987192144,MODERATE,0.7791487914839624
6979,12.944760185298628,80.25091955754341,2.0,1.309969782829285,371.4115075330326,50,LOW,0,0.026073447848447843,MODERATE,0.7272614574815361
6980,12.947020679511985,80.25091280675544,6.0,0.9263692498207092,323.09003386395324,50,LOW,0,0.0835783959074981,MODERATE,0.5498978602555733
6981,12.949281173330654,80.25090605468714,3.0,3.336585760116577,274.21128554350014,50,MODERATE,1,0.06921322624743677,MODERATE,0.7419659560486694
6982,12.951541666754578,80.25089930133845,1.0,2.618571519851685,226.6556489682676,10,MODERATE,1,0.046517867804709914,MODERATE,0.8194922371858329
6983,12.953802159783692,80.25089254670931,1.0,0.9263692498207092,181.2346287428173,50,MODERATE,1,0.03588158844079897,MODERATE,0.8600407393432739
6985,12.958323144657223,80.25087903360951,3.0,1.309969782829285,90.39258829191684,50,LOW,0,0.05285519794215447,LOW,0.483755275458079
6986,12.96058363650152,80.25087227513872,2.0,1.309969782829285,44.77763751395153,50,LOW,0,0.08293272283272286,MODERATE,0.5460858216946456
6987,12.962844127950744,80.25086551538726,4.0,2.777172803878784,10.012931024716767,10,LOW,0,0.2273594611271082,LOW,0.586452035219682
6996,12.983188533205126,80.25080461998527,4.0,5.911112308502197,247.2578193760024,10,LOW,0,0.10195811965811966,LOW,0.4232047023608366
6997,12.98544902070014,80.25079784742415,4.0,3.814206600189209,186.55595677873703,10,LOW,0,0.08270712620712621,LOW,0.4498618271735721
6998,12.987709507799384,80.25079107358177,6.0,1.8522543907165527,133.00803028053554,50,LOW,0,0.15012704564719379,LOW,0.38879217629381163
7001,12.994490966721823,80.25077074436642,9.0,3.336585760116577,55.35219362293714,50,LOW,0,0.12479401607164767,LOW,0.46174486639091894
7002,12.996751452237328,80.25076396539839,9.0,1.8522543907165527,104.94952450494016,50,MODERATE,1,0.1332583812579344,LOW,0.4249533755001482
7010,13.01483532209658,80.25070968751373,1.0,4.136011123657227,102.8937792875808,80,HIGH,2,0.43589866955370044,HIGH,0.7660754237592471
7011,13.017095804044926,80.25070289700977,1.0,3.814206600189209,47.76476630273988,80,HIGH,2,0.5834806148959398,HIGH,0.8386565731653965
7012,13.0193562855966,80.25069610522377,1.0,2.927142381668091,3.056092692573744,80,HIGH,2,0.6418308102887824,HIGH,0.8809649362075832
7013,13.021616766751537,80.25068931215564,5.0,2.927142381668091,161.509011366058,10,MODERATE,1,0.2693854775972894,MODERATE,0.842071831448117
7030,13.060044885622808,80.25057363378176,13.0,2.927142381668091,195.43007545016505,50,LOW,0,0.07060135659080087,LOW,0.48892555214917577
7031,13.06230535962554,80.25056681762624,9.0,1.309969782829285,203.6434053165067,50,LOW,0,0.12140883624566719,LOW,0.5257132830349257
7032,13.064565833230324,80.25056000018755,11.0,2.777172803878784,412.0052896108846,50,LOW,0,0.08678445135543868,LOW,0.40393932933049864
7033,13.066826306437084,80.25055318146565,12.0,2.927142381668091,340.0663846002114,50,MODERATE,1,0.049360545788815664,MODERATE,0.6937592905007619
7034,13.069086779245769,80.2505463614605,17.0,2.0707030296325684,138.80530097989256,10,MODERATE,1,0.10072015582983321,MODERATE,0.8218219049767435
7035,13.071347251656306,80.25053954017199,13.0,1.8522543907165527,72.77026176086754,50,MODERATE,1,0.11236982818331842,MODERATE,0.8401907143422508
7036,13.073607723668632,80.2505327176001,12.0,7.427391529083252,309.466066418903,30,MODERATE,1,0.07216957523041112,MODERATE,0.8591474660388807
7037,13.075868195282684,80.25052589374476,9.0,1.309969782829285,552.5925285694558,50,LOW,0,0.09601501662382683,LOW,0.47958888620719753
7038,13.078128666498404,80.25051906860594,10.0,2.618571519851685,796.8923843680233,10,LOW,0,0.07081612415064024,LOW,0.2940111929895591
7040,13.08264960773457,80.25050541447757,10.0,1.309969782829285,1291.6906685126305,50,LOW,0,0.029407633656497605,LOW,0.14428979902861008
7041,13.084910077754886,80.2504985854879,11.0,2.927142381668091,1540.3501025909768,50,LOW,0,0.07385937643299299,LOW,0.18602763171139153
7042,13.08717054737661,80.25049175521453,8.0,4.622196197509766,1789.3831601927686,50,LOW,0,0.42367181836154794,HIGH,0.6400750138191807
7043,13.089431016599676,80.25048492365738,3.0,4.622196197509766,2038.6529251961665,50,HIGH,2,0.6074810517464935,HIGH,0.7533294893332476
7044,13.09169148542402,80.25047809081639,7.0,0.9263692498207092,2278.231915234618,50,HIGH,2,0.6591676708862391,HIGH,0.8543644005322759
7045,13.09395195384958,80.25047125669151,7.0,3.924445152282715,2445.3219997599326,50,MODERATE,1,0.33979718084958804,MODERATE,0.8074413220309926
7046,13.09621242187629,80.25046442128269,5.0,0.9263692498207092,2551.947521845269,50,HIGH,2,0.5938591769824818,HIGH,0.8093790769514878
7047,13.098472889504086,80.25045758458985,7.0,0.9263692498207092,2501.7538402388773,50,LOW,0,0.25884319332484973,LOW,0.5471532061117204
7048,13.100733356732905,80.25045074661298,6.0,4.622196197509766,2384.1348369311354,50,LOW,0,0.12870361390701954,LOW,0.458417687375118
7049,13.102993823562676,80.25044390735198,7.0,0.9263692498207092,2286.823475088346,50,LOW,0,0.17016124607533284,LOW,0.39392376028235176
7050,13.105254289993349,80.25043706680681,13.0,2.927142381668091,2213.5998490607167,50,LOW,0,0.06238260959886346,LOW,0.21646337797049875
7051,13.107514756024845,80.25043022497742,6.0,2.0707030296325684,2165.971528926739,50,LOW,0,0.11332535253751112,LOW,0.28984588046164156
7052,13.109775221657108,80.25042338186374,9.0,0.9263692498207092,2138.469041774901,50,LOW,0,0.0411993551283025,LOW,0.11840035724932753
7053,13.112035686890074,80.25041653746574,8.0,0.0,2139.9593672036417,50,LOW,0,0.07748362729461798,LOW,0.24317330625008643
7054,13.114296151723677,80.25040969178332,11.0,0.9263692498207092,2162.68899032951,50,LOW,0,0.04275202468097206,LOW,0.12311680746577777
7059,13.125598469899028,80.25037544410344,8.0,2.777172803878784,2447.0736805572133,50,LOW,0,0.04111260991950533,LOW,0.27633064688487546
7061,13.130119394371391,80.25036173603874,7.0,0.9263692498207092,2565.2868762345443,50,MODERATE,1,0.13164212951787996,MODERATE,0.5947787082142747
7064,13.136900778080724,80.25034116430527,6.0,2.618571519851685,2577.3378957541254,10,MODERATE,1,0.0868085764148296,MODERATE,0.6666482741520462
7075,13.161765820863383,80.25026563565841,8.0,5.386162281036377,2602.536388670432,50,LOW,0,0.09160375800495603,LOW,0.4357690078131041
7076,13.164026276894832,80.25025876170513,6.0,1.309969782829285,2745.006660421701,40,HIGH,2,0.3508405374626859,LOW,0.5958233487568007
7077,13.166286732525446,80.25025188646616,4.0,4.622196197509766,2902.055732952981,10,MODERATE,1,0.1462771754698441,LOW,0.5642198702209633
7083,13.179849457888048,80.25021060802978,3.0,2.0707030296325684,3915.189943811261,50,LOW,0,0.1984906856026421,LOW,0.4925667453297888
7084,13.182109910711036,80.25020372378943,3.0,3.336585760116577,3923.145334093891,10,LOW,0,0.09907581436277087,LOW,0.40092207663512
7085,13.18437036313268,80.25019683826292,6.0,1.309969782829285,3806.963337621896,10,LOW,0,0.08549244778586937,LOW,0.24955657049268284
7091,13.19793306923071,80.25015549809191,1.0,3.336585760116577,3170.3924789604007,10,LOW,0,0.10309540597973085,LOW,0.3071073655177773
7092,13.200193518841148,80.25014860356087,3.0,2.0707030296325684,3010.7375606385667,20,LOW,0,0.05076720052505487,LOW,0.20677187290581425
7093,13.20245396804973,80.25014170774324,4.0,1.309969782829285,2864.034365616282,10,LOW,0,0.07406298713830357,LOW,0.288004931442906
7105,12.901817308207384,80.25335187268684,5.0,2.618571519851685,1509.401244012275,10,HIGH,2,0.24086561412443755,LOW,0.487359664518488
7123,12.942506300029365,80.25323097344487,6.0,0.0,663.1246882798133,50,LOW,0,0.08031533006533007,LOW,0.36949329060245506
7124,12.944766795830416,80.2532242446986,8.0,2.0707030296325684,617.1439602971708,10,LOW,0,0.09929340020791637,LOW,0.465381242871028
7133,12.965111240275236,80.2531636285403,5.0,2.927142381668091,196.7086822615276,50,LOW,0,0.0693688668057089,LOW,0.4249189724656629
7134,12.967371732127416,80.25315688702818,2.0,4.713325023651123,147.09996261100906,50,LOW,0,0.1418292271808896,LOW,0.5403759926064275
7135,12.969632223584354,80.25315014423916,4.0,1.309969782829285,94.377655363044,50,LOW,0,0.07708016186711839,LOW,0.34495736401279886
7141,12.98319516402236,80.25310966068729,1.0,2.777172803878784,4.739193540330299,10,MODERATE,1,0.2264778776778777,MODERATE,0.7862823731823736
7142,12.985455652710822,80.2531029089585,5.0,3.336585760116577,55.96266905693505,50,LOW,0,0.10902204118662935,LOW,0.39598305627719055
7143,12.98771614100353,80.25309615595238,7.0,1.309969782829285,112.340806964443,50,LOW,0,0.15444566410864435,LOW,0.39536745224465963
7154,13.012581486085296,80.25302178856548,7.0,5.617307186126709,252.416235731338,10,MODERATE,1,0.13993403883698002,LOW,0.538430256381979
7155,13.014841969623966,80.2530150202271,3.0,3.814206600189209,7.9534734245281085,80,HIGH,2,0.5601748167724951,HIGH,0.7652809091235566
7156,13.017102452766052,80.25300825061065,4.0,2.618571519851685,224.9188347049005,50,HIGH,2,0.23942739541248553,LOW,0.5791859902496547
7169,13.046488697494588,80.2529201292691,13.0,0.9263692498207092,638.7068711392417,10,LOW,0,0.03976449883449883,LOW,0.2623396792096791
7174,13.05779108143416,80.2528861789049,9.0,1.309969782829285,379.236964116221,50,LOW,0,0.0662989996974291,LOW,0.3556970464150353
7176,13.062312032225808,80.25287258980588,9.0,2.0707030296325684,112.7050842644364,50,MODERATE,1,0.16751790511797135,MODERATE,0.7878422754788246
7177,13.064572507024767,80.25286579333758,8.0,0.0,247.7664782839928,10,MODERATE,1,0.15034752268290055,MODERATE,0.7291193125828387
7178,13.066832981425726,80.25285899558999,12.0,1.309969782829285,151.29772507624455,50,LOW,0,0.14442591051984396,MODERATE,0.6202372181481879
7179,13.069093455428623,80.25285219656308,9.0,2.927142381668091,13.233122637823945,10,MODERATE,1,0.16945615159852473,MODERATE,0.8216792673094819
7180,13.071353929033403,80.25284539625679,13.0,2.927142381668091,207.73369390328284,50,MODERATE,1,0.04017072283694459,MODERATE,0.8879162570268502
7181,13.07361440223999,80.25283859467106,9.0,1.309969782829285,416.4242429228218,50,MODERATE,1,0.11500274514465283,MODERATE,0.7399198239005584
7182,13.075874875048322,80.25283179180583,8.0,3.336585760116577,631.1453730352481,50,LOW,0,0.1574595737214684,LOW,0.4838329684008217
7183,13.07813534745834,80.25282498766107,16.0,3.7006449699401855,863.2872892265602,50,LOW,0,0.11277846312703162,LOW,0.3023778561288455
7187,13.087177233113962,80.25279775828537,7.0,2.927142381668091,1781.057108950558,50,LOW,0,0.2391759311747241,LOW,0.41976221795128055
7188,13.089437703531432,80.252790947742,7.0,2.777172803878784,1926.5055017465272,50,LOW,0,0.3035348425858104,LOW,0.5510851949153132
7189,13.091698173550204,80.25278413591876,8.0,1.309969782829285,2091.8132017883327,50,MODERATE,1,0.1957233849264191,MODERATE,0.7590761560080481
7190,13.093958643170213,80.25277732281558,9.0,2.927142381668091,2272.6507637761406,50,LOW,0,0.09566913778802325,LOW,0.32793467194014025
7191,13.096219112391388,80.25277050843239,7.0,0.0,2301.961698349692,10,LOW,0,0.17055278221377285,LOW,0.5098733435077706
7192,13.098479581213676,80.25276369276916,6.0,0.9263692498207092,2260.995985257299,10,MODERATE,1,0.12552320853551507,MODERATE,0.5727986765598841
7193,13.100740049637,80.25275687582582,4.0,4.713325023651123,2161.595700263801,50,LOW,0,0.18450545784281078,LOW,0.3916810282201458
7194,13.103000517661307,80.25275005760231,7.0,2.0707030296325684,2053.766943191325,50,LOW,0,0.05187373171767047,LOW,0.2054040535848644
7195,13.105260985286527,80.25274323809859,6.0,3.336585760116577,1971.9080461552792,50,MODERATE,1,0.060936839224199,LOW,0.21308834457991055
7196,13.1075214525126,80.2527364173146,4.0,4.136011123657227,1919.1992125418087,50,LOW,0,0.13370152745946862,LOW,0.3071310631525337
7197,13.10978191933946,80.25272959525027,11.0,3.814206600189209,1888.8592577998704,50,LOW,0,0.047381945431016634,LOW,0.16668892150734257
7198,13.11204238576704,80.25272277190555,6.0,0.9263692498207092,1890.5463618830463,50,LOW,0,0.05410112073112074,LOW,0.21559987209742956
7199,13.114302851795278,80.25271594728038,7.0,2.0707030296325684,1915.2624317113648,10,LOW,0,0.04046341213872861,LOW,0.15487772463216992
7202,13.121084247483314,80.25269546572169,3.0,2.0707030296325684,2083.047922738323,10,LOW,0,0.1323799576302741,LOW,0.279110116804268
7204,13.125605175944129,80.25268180494598,7.0,1.309969782829285,2204.161329920325,50,LOW,0,0.04488739977475957,LOW,0.15514906065038236
7207,13.132386565637242,80.25266130417644,8.0,2.927142381668091,2384.9577897852,50,LOW,0,0.010414317004403114,LOW,0.1343708235162882
7208,13.134647028068532,80.25265446802477,8.0,3.336585760116577,2445.611123513272,50,LOW,0,0.01547117126125737,LOW,0.17468631654178118
7209,13.13690749009984,80.2526476305921,8.0,1.309969782829285,2368.082859832903,50,LOW,0,0.02882455569931673,LOW,0.17431127166547777
7222,13.166293460079476,80.25255862737062,6.0,2.618571519851685,2717.917084700956,50,MODERATE,1,0.1465736045589538,LOW,0.3009097914116682
7223,13.168553916504331,80.25255177199801,1.0,1.309969782829285,2890.416171561935,10,HIGH,2,0.20972093498625152,LOW,0.384458468191443
7224,13.170814372528248,80.25254491534358,4.0,1.309969782829285,3042.0199462700543,40,MODERATE,1,0.16770184410597458,LOW,0.3446721868389261
7225,13.173074828151163,80.25253805740724,4.0,2.777172803878784,3205.9733408409647,10,LOW,0,0.10876102490102488,LOW,0.36273368150368146
7228,13.179856192613238,80.25251747590623,6.0,1.309969782829285,3752.1899758999534,50,MODERATE,1,0.1324243305843251,LOW,0.2722713824317148
7229,13.18211664663149,80.25251061284172,3.0,2.927142381668091,3707.195907236312,10,LOW,0,0.09680548488548489,LOW,0.25198974765974774
7230,13.184377100248424,80.25250374849503,7.0,3.336585760116577,3584.02037329648,10,LOW,0,0.021725712198353713,LOW,0.1176943144835598
7235,13.195679362310983,80.25246940752686,6.0,1.309969782829285,3168.213945703168,10,LOW,0,0.048304300699300695,LOW,0.2192333827283827
7236,13.197939813518628,80.25246253548589,3.0,2.0707030296325684,2987.5963238261,90,LOW,0,0.13248308080808083,LOW,0.29419642857142864
7237,13.2002002643245,80.25245566216236,5.0,1.8522543907165527,2817.6025238720986,10,LOW,0,0.06724016218547861,LOW,0.21557756658554122
7238,13.202460714728542,80.25244878755618,3.0,7.594903469085693,2660.2699432429054,80,LOW,0,0.12957817182817183,LOW,0.24165942945942953
7239,13.204721164730676,80.25244191166732,0.0,5.911112308502197,2517.973065644826,80,LOW,0,0.18297231379731374,LOW,0.31479444721944716
7298,13.010327626818002,80.25533384785395,5.0,2.927142381668091,444.8289508020935,30,LOW,0,0.12529664897928627,LOW,0.4438706372101847
7299,13.012588111943217,80.25532710167325,5.0,0.9263692498207092,200.0907367339642,80,HIGH,2,0.28296008065035955,LOW,0.6325292868844222
7300,13.014848596671929,80.25532035421848,5.0,4.976532936096191,44.37202557284567,80,HIGH,2,0.4613402859438464,HIGH,0.7505036300301009
7301,13.017109081004072,80.2553136054896,1.0,2.0707030296325684,288.8347878796556,10,MODERATE,1,0.18021477472438585,MODERATE,0.6647105541091842
7311,13.03971390250029,80.25524604811291,12.0,0.9263692498207092,973.346533466988,50,LOW,0,0.033772651968951795,LOW,0.1810311548303266
7312,13.041974382465977,80.25523928536523,11.0,1.309969782829285,918.3635387230556,50,LOW,0,0.045051692671471945,LOW,0.19187048352147837
7319,13.057797731096825,80.25519191043476,12.0,2.927142381668091,420.2223091653802,50,LOW,0,0.053022157291559895,LOW,0.3164635109377237
7320,13.060058207882037,80.25518513748736,10.0,2.0707030296325684,216.9779633556016,10,LOW,0,0.21888783229313116,LOW,0.48515703531296617
7321,13.062318684269403,80.25517836326473,7.0,0.9263692498207092,53.6651774760099,50,HIGH,2,0.7630525610953709,HIGH,0.8959139156977085
7322,13.064579160258855,80.25517158776685,9.0,4.713325023651123,61.15126057583242,10,MODERATE,1,0.17993449704417447,MODERATE,0.7754234034782421
7323,13.066839635850338,80.25516481099365,7.0,4.622196197509766,35.97701699968973,10,LOW,0,0.3321662870378065,MODERATE,0.7024628663545471
7324,13.069100111043776,80.25515803294506,13.0,0.0,201.24797220884247,50,MODERATE,1,0.11497726507172477,MODERATE,0.8463274845665459
7325,13.07136058583911,80.25515125362104,16.0,4.713325023651123,366.5326335401808,10,LOW,0,0.11047970384203516,MODERATE,0.6982730982389987
7326,13.07362106023628,80.25514447302153,9.0,4.713325023651123,554.5519689824459,50,LOW,0,0.1452169752310154,LOW,0.5272887115046664
7327,13.075881534235211,80.25513769114647,12.0,1.309969782829285,762.5804689533684,50,LOW,0,0.051066280294124064,LOW,0.36046749844034254
7328,13.078142007835853,80.2551309079958,12.0,2.777172803878784,971.7888967799782,50,LOW,0,0.032119188039540475,LOW,0.2344667094623616
7329,13.08040248103813,80.25512412356949,12.0,1.309969782829285,1190.1230031635532,50,LOW,0,0.01596930585149748,LOW,0.19577744561947372
7330,13.082662953841984,80.25511733786745,10.0,3.336585760116577,1333.787161091695,50,LOW,0,0.0478853035034846,LOW,0.14402314275818182
7332,13.087183898254168,80.25510376263603,10.0,2.618571519851685,1575.5971048861695,50,LOW,0,0.06958266180564027,LOW,0.21038530479402862
7333,13.089444369862363,80.25509697310652,9.0,0.9263692498207092,1738.3225419472635,50,LOW,0,0.06609521052921241,LOW,0.24040967753179693
7334,13.091704841071882,80.25509018230107,8.0,1.309969782829285,1919.8440779156344,50,MODERATE,1,0.1602109498311901,MODERATE,0.6943348007643777
7337,13.098486252307715,80.25506980222858,6.0,3.814206600189209,2019.1884828207944,50,LOW,0,0.06852236390143507,LOW,0.2762124837242793
7338,13.100746721921874,80.25506300631884,4.0,3.336585760116577,1943.3604986734747,50,LOW,0,0.1124941349441882,LOW,0.2514025759052875
7339,13.103007191137031,80.25505620913289,10.0,1.8522543907165527,1825.200182904808,60,LOW,0,0.02169876711981975,LOW,0.161818064548385
7340,13.105267659953126,80.25504941067067,9.0,2.0707030296325684,1732.5756529578246,10,HIGH,2,0.020871718566956757,LOW,0.09002537952438673
7341,13.107528128370092,80.25504261093211,3.0,2.618571519851685,1672.5074226348656,50,LOW,0,0.06514404076935719,LOW,0.14749779467362104
7342,13.109788596387869,80.25503580991717,5.0,3.814206600189209,1639.3683993913294,10,LOW,0,0.04196306891306892,LOW,0.15291008632773345
7343,13.11204906400638,80.25502900762581,9.0,1.8522543907165527,1641.2739061486711,10,LOW,0,0.01287924812030075,LOW,0.06278611420593586
7344,13.114309531225576,80.25502220405794,7.0,1.8522543907165527,1668.6032169923992,50,LOW,0,0.002798077376025411,LOW,0.04657732449982267
7349,13.125611861329515,80.25498816706931,7.0,2.0707030296325684,1961.248979283438,50,LOW,0,0.011907950465898499,LOW,0.06416992769183764
7353,13.134653718218374,80.25496091449583,5.0,2.618571519851685,2203.080356170918,50,LOW,0,0.03912268407592809,LOW,0.13260795073609688
7359,13.14821649155158,80.254919997323,5.0,2.927142381668091,1697.7313657370207,10,LOW,0,0.013510085615434887,LOW,0.11676417003002175
7369,13.17082108173925,80.25485169983811,9.0,1.309969782829285,2852.7427891472844,10,LOW,0,0.07056506965799718,LOW,0.18511889108460092
7370,13.173081538553662,80.25484486306185,2.0,2.927142381668091,3026.350933231483,50,LOW,0,0.17633460095460105,LOW,0.3147174514674516
7372,13.177602450979284,80.25483118567524,3.0,1.8522543907165527,3400.592783609244,30,LOW,0,0.14860112646612655,LOW,0.29041987586487605
7373,13.179862906590364,80.25482434506482,4.0,2.0707030296325684,3599.186982412468,10,LOW,0,0.2392640829214358,LOW,0.44495645262145256
7374,13.182123361800205,80.2548175031762,7.0,3.814206600189209,3495.787990830773,10,LOW,0,0.0356711698561643,LOW,0.13171676277600808
7376,13.186644271015911,80.25480381556424,4.0,0.9263692498207092,3247.9739469376614,10,LOW,0,0.05311590853590851,LOW,0.1933152036852037
7377,13.188904725021652,80.2547969698408,5.0,3.7006449699401855,3146.6228406913324,40,LOW,0,0.029676623376623374,LOW,0.10531633477633477
7382,13.20020698902665,80.25476272204646,7.0,2.0707030296325684,2634.051500259813,10,LOW,0,0.04605898360430006,LOW,0.20541797257594718
7383,13.20246744062246,80.2547558686518,0.0,5.839084625244141,2465.031337409763,40,LOW,0,0.08669048435224906,LOW,0.18155338582985647
7384,13.204727891816392,80.25474901397841,3.0,2.618571519851685,2310.7426691008577,90,LOW,0,0.08795951858598919,LOW,0.2624520149784856
7415,12.947040453579184,80.25782693434232,6.0,0.9263692498207092,1058.6155682022468,50,LOW,0,0.10197818757818759,LOW,0.3285446881881665
7430,12.980947872912935,80.25772645471375,4.0,5.617307186126709,440.7082327039936,50,LOW,0,0.12504036482036482,LOW,0.3234854368355152
7443,13.010334231013774,80.25763914135601,3.0,5.839084625244141,413.67890406426136,50,MODERATE,1,0.15902736334815276,LOW,0.45995590415645404
7445,13.0148552032404,80.25762568948399,2.0,3.924445152282715,82.58156416258328,80,HIGH,2,0.5750112493715436,HIGH,0.7624338153676391
7446,13.017115688758928,80.25761896164275,9.0,0.0,330.7117982760056,10,MODERATE,1,0.20950698643372917,LOW,0.5088110825514236
7465,13.060064838182107,80.25749089125495,8.0,1.309969782829285,108.24098064275822,10,HIGH,2,0.7391141112480262,HIGH,0.8991107885195158
7466,13.06232531575627,80.25748413799887,13.0,3.924445152282715,136.20157305999942,50,HIGH,2,0.5741434036916407,HIGH,0.7917057967144112
7467,13.064585792932542,80.25747738347147,14.0,1.309969782829285,188.837053424392,50,MODERATE,1,0.14066428521532395,MODERATE,0.7657994139902354
7468,13.066846269710862,80.2574706276727,13.0,1.309969782829285,237.59105886441463,50,LOW,0,0.17979781484022858,MODERATE,0.6568175747713394
7469,13.069106746091158,80.25746387060248,12.0,3.814206600189209,387.34165603304336,50,MODERATE,1,0.050014754586737833,MODERATE,0.8427983926468725
7470,13.071367222073372,80.25745711226078,13.0,2.618571519851685,553.7936694939295,10,MODERATE,1,0.030306697752924973,MODERATE,0.8127230261809373
7471,13.073627697657445,80.25745035264754,11.0,1.309969782829285,719.9577453585333,50,MODERATE,1,0.0631155034808046,MODERATE,0.7419641732718427
7472,13.0758881728433,80.2574435917627,8.0,1.8522543907165527,901.2913386376802,50,LOW,0,0.07940392543352219,LOW,0.3849084871179889
7473,13.07814864763088,80.25743682960619,9.0,0.9263692498207092,942.4446661821856,10,LOW,0,0.040937142857142866,LOW,0.2901948485557457
7474,13.080409122020123,80.25743006617799,12.0,1.8522543907165527,1016.8416636686036,50,MODERATE,1,0.04430942534669763,LOW,0.493988124850829
7475,13.082669596010962,80.25742330147801,10.0,2.618571519851685,1101.9664253848216,50,LOW,0,0.020145321156082894,LOW,0.18057692831925767
7476,13.084930069603333,80.25741653550624,10.0,1.8522543907165527,1226.209209552644,50,LOW,0,0.013014395398339996,LOW,0.17751098218548744
7477,13.087190542797174,80.25740976826256,12.0,1.8522543907165527,1384.8639097427724,50,LOW,0,0.07125267163650847,LOW,0.26151992665998725
7478,13.08945101559242,80.25740299974696,11.0,3.7006449699401855,1567.0524119092547,50,LOW,0,0.11326462224286392,LOW,0.2626758552056129
7479,13.091711487989004,80.25739622995938,9.0,4.713325023651123,1755.1863954807814,10,LOW,0,0.14362365611834518,LOW,0.3009626545580234
7480,13.093971959986868,80.25738945889975,6.0,1.309969782829285,1804.6523907880764,50,LOW,0,0.12067990770990769,LOW,0.34817221429330114
7481,13.096232431585944,80.25738268656804,7.0,2.927142381668091,1801.990051358537,50,LOW,0,0.09304046296783142,LOW,0.21198173055931577
7483,13.100753373587477,80.25736913808807,7.0,2.0707030296325684,1719.460867698048,50,LOW,0,0.009782293160241195,LOW,0.06871507008756826
7484,13.103013843989803,80.25736236193971,5.0,0.9263692498207092,1603.044811564164,30,LOW,0,0.054366734136734124,LOW,0.18352960769225485
7485,13.10527431399309,80.25735558451903,10.0,2.927142381668091,1496.7349277519163,30,HIGH,2,0.032541718566956764,LOW,0.0945811941928101
7486,13.107534783597268,80.257348805826,3.0,0.9263692498207092,1426.7719262373446,50,HIGH,2,0.05092972582972584,LOW,0.16746746138913665
7487,13.109795252802275,80.25734202586052,6.0,1.8522543907165527,1390.060503024779,50,LOW,0,0.0117883158179801,LOW,0.055854913920318265
7488,13.112055721608046,80.25733524462255,7.0,4.976532936096191,1392.018828854613,50,LOW,0,0.024623952680932083,LOW,0.10065935485148704
7494,13.125618526055147,80.25729453046945,7.0,2.618571519851685,1718.3366286465505,50,LOW,0,0.0038889864669345007,LOW,0.020294254791752963
7500,13.139181316113646,80.25725377049284,7.0,2.777172803878784,1816.583041517316,50,LOW,0,0.008703144648493918,LOW,0.06272622643757683
7512,13.166306853009576,80.25717211302094,8.0,2.0707030296325684,2339.580746886623,30,LOW,0,0.05781799128334055,LOW,0.1694261622274784
7516,13.175348685820298,80.25714485310428,4.0,3.924445152282715,3049.4479737530264,10,LOW,0,0.12777829136005603,LOW,0.3097195548460254
7517,13.177609143020414,80.25713803494,3.0,1.8522543907165527,3250.2690041069736,10,HIGH,2,0.1615207568357569,LOW,0.28808284067784073
7519,13.182130056217115,80.2571243947889,4.0,1.8522543907165527,3289.7972367675866,10,LOW,0,0.10558914119649412,LOW,0.20190618622118622
7520,13.18439051221358,80.25711757280199,5.0,3.814206600189209,3150.343854346415,40,LOW,0,0.041629079201720716,LOW,0.10382579596504121
7521,13.186650967808696,80.25711074954074,3.0,2.618571519851685,3025.155688917978,40,LOW,0,0.08862654234654233,LOW,0.1963999323199323
7522,13.188911423002398,80.25710392500511,3.0,0.9263692498207092,2916.070555347964,40,LOW,0,0.08972255744255743,LOW,0.2106947297147298
7523,13.19117187779463,80.25709709919504,3.0,0.9263692498207092,2824.954517393503,40,LOW,0,0.10073122655122652,LOW,0.24839070041070038
7525,13.195692786174416,80.25708344375136,5.0,2.927142381668091,2703.484097051856,10,LOW,0,0.0549778611531776,LOW,0.2136062334547344
7526,13.197953239761842,80.25707661411764,2.0,2.777172803878784,2655.07409333908,10,LOW,0,0.11481738456006937,LOW,0.23079034844569152
7527,13.20021369294754,80.25706978320927,2.0,2.0707030296325684,2462.228793087987,40,LOW,0,0.0857738780665629,LOW,0.17132890792542751
7528,13.202474145731442,80.25706295102617,3.0,1.8522543907165527,2280.509333000573,10,LOW,0,0.030339192284508744,LOW,0.12939891744806864
7566,12.960609989689756,80.26009161316493,8.0,0.9263692498207092,1017.5370990500631,50,LOW,0,0.10386625506625512,LOW,0.3172462477397261
7581,12.994517391182317,80.25999133162827,8.0,2.777172803878784,1020.63890071865,50,LOW,0,0.12174151294625674,LOW,0.3336933643147073
7588,13.01034081473736,80.25994443612814,11.0,0.9263692498207092,402.2975760458276,10,LOW,0,0.16542505253031567,LOW,0.40484404481158864
7589,13.012601302231582,80.25993773170697,-3.0,6.190611839294434,152.3360546152524,80,HIGH,2,0.5448617423426243,HIGH,0.8075595605375014
7590,13.01486178932934,80.25993102601964,4.0,2.927142381668091,97.6254668153227,10,HIGH,2,0.37855087804352494,HIGH,0.7178941764118235
7591,13.017122276030571,80.2599243190661,9.0,2.927142381668091,347.58698824589777,50,MODERATE,1,0.24636537623366314,LOW,0.5246358251960029
7600,13.037466638487489,80.2598638994952,11.0,2.777172803878784,664.5661433987751,50,LOW,0,0.06823880829045322,LOW,0.44809996314272577
7601,13.03972712121995,80.25985717987643,13.0,3.336585760116577,857.9909714136522,50,LOW,0,0.12628540160340485,LOW,0.4138276513260626
7610,13.060071447929076,80.25979664629382,16.0,2.927142381668091,187.0837072759942,50,LOW,0,0.24045732123264835,LOW,0.5825528480724402
7611,13.062331926686362,80.25978991400433,10.0,2.618571519851685,5.252369824736087,10,HIGH,2,0.654692780387827,HIGH,0.8477404660355127
7612,13.064592405045774,80.25978318044746,9.0,2.618571519851685,115.28878174861688,50,MODERATE,1,0.41108179907771464,MODERATE,0.8857262633451415
7613,13.06685288300725,80.25977644562316,10.0,0.9263692498207092,226.1949100489294,50,HIGH,2,0.6841028544714143,HIGH,0.8583697923309008
7614,13.069113360570729,80.2597697095314,12.0,6.522665023803711,420.6661244475361,10,MODERATE,1,0.11630803480862988,MODERATE,0.8469940780134283
7615,13.071373837736145,80.25976297217207,10.0,2.0707030296325684,643.1332315906844,50,MODERATE,1,0.05092707771164537,MODERATE,0.7766932259688736
7616,13.073634314503437,80.25975623354515,10.0,3.7006449699401855,662.8259795728575,10,MODERATE,1,0.1038374255633527,MODERATE,0.8255728062062418
7617,13.075894790872534,80.25974949365057,9.0,6.713759422302246,651.9241328381513,10,LOW,0,0.14076154546135577,MODERATE,0.7019669744597002
7618,13.078155266843378,80.25974275248831,7.0,5.839084625244141,700.5129421224831,50,MODERATE,1,0.17369978708491082,MODERATE,0.7969778156216555
7619,13.080415742415909,80.25973601005828,11.0,3.814206600189209,779.8567375875301,50,HIGH,2,0.4451389325357212,HIGH,0.8431285350401416
7620,13.082676217590048,80.25972926636041,12.0,3.814206600189209,880.1544263694642,50,MODERATE,1,0.18697225808590187,MODERATE,0.7569024104842851
7621,13.084936692365748,80.25972252139469,8.0,1.309969782829285,1031.4702308714868,10,MODERATE,1,0.08003215104359565,MODERATE,0.6018436239116041
7623,13.089457640721545,80.2597090276594,10.0,0.0,1402.9887871728022,50,LOW,0,0.0546339656591575,LOW,0.19430239348222944
7624,13.091718114301518,80.25970227888973,10.0,0.0,1537.612185919355,50,LOW,0,0.03987230244314643,LOW,0.16431620768734786
7625,13.09397858748279,80.25969552885196,8.0,2.0707030296325684,1554.6665672924992,50,LOW,0,0.06433379566892723,LOW,0.23718432448731552
7626,13.096239060265294,80.25968877754605,12.0,1.8522543907165527,1552.00422786296,50,LOW,0,0.04216459651459651,LOW,0.19790123235523707
7628,13.100760004633743,80.25967527112955,8.0,0.9263692498207092,1473.9380969378935,10,LOW,0,0.030850537674885506,LOW,0.19475687565907718
7629,13.103020476219564,80.25966851601888,2.0,4.622196197509766,1384.967157108072,50,MODERATE,1,0.12845248917748922,LOW,0.29533591033149864
7630,13.105280947406367,80.2596617596398,1.0,2.927142381668091,1266.338222862611,30,MODERATE,1,0.0705482216761697,LOW,0.24705749096605387
7631,13.107541418194074,80.25965500199231,3.0,1.309969782829285,1182.8250843760986,10,HIGH,2,0.03557043881575527,LOW,0.17963416177890124
7632,13.109801888582636,80.25964824307636,5.0,2.618571519851685,1141.0555004977252,50,LOW,0,0.015424993150309605,LOW,0.07899593702764571
7633,13.112062358571984,80.25964148289185,5.0,2.0707030296325684,1142.7637515605547,50,LOW,0,0.009754430379746836,LOW,0.07082577108247977
7639,13.125625170120964,80.25960089514248,7.0,2.0707030296325684,1475.4242780096629,50,LOW,0,0.002447835830131691,LOW,0.015221213702407529
7643,13.134667036494552,80.25957381126517,7.0,3.336585760116577,1718.088517818352,50,LOW,0,0.018872305682391798,LOW,0.06541303761568495
7644,13.136927502088318,80.25956703712312,5.0,1.309969782829285,1789.7300067179508,10,LOW,0,0.02999258200793128,LOW,0.1759344546147181
7647,13.143708896469448,80.25954670708154,4.0,3.336585760116577,1337.4795593518102,60,LOW,0,0.04236902734647195,LOW,0.16610976015610338
7650,13.150490287249012,80.25952636561563,3.0,2.0707030296325684,1203.9307728857218,40,LOW,0,0.040318716721424466,LOW,0.16970901714680003
7651,13.152750750041555,80.259519582588,5.0,2.0707030296325684,1259.4900624089803,50,LOW,0,0.013422269227618496,LOW,0.07468985923179786
7662,13.177615814317058,80.25944488547891,6.0,3.336585760116577,3112.7906961731,10,HIGH,2,0.07574796809060959,LOW,0.17214195758120282
7663,13.179876272300222,80.25943808721253,3.0,2.777172803878784,3251.6299758238274,40,LOW,0,0.23898060643060637,LOW,0.36140592207092204
7664,13.182136729882185,80.2594312876759,2.0,1.309969782829285,3090.307111154269,10,LOW,0,0.16666777944277947,LOW,0.23972782384282387
7665,13.184397187062885,80.25942448686894,5.0,2.618571519851685,2941.4109850249115,40,LOW,0,0.07245283002078796,LOW,0.11947629517351512
7666,13.186657643842262,80.25941768479161,7.0,2.618571519851685,2806.919864263993,40,LOW,0,0.08075909645441297,LOW,0.16821970528768007
7667,13.188918100220246,80.25941088144387,6.0,0.9263692498207092,2688.996033090115,40,LOW,0,0.11822028799028797,LOW,0.23715964320016947
7668,13.191178556196784,80.25940407682563,3.0,2.0707030296325684,2589.9035131735995,30,LOW,0,0.12040300902332547,LOW,0.2533478823720336
7669,13.1934390117718,80.25939727093686,3.0,2.0707030296325684,2511.87196113248,40,LOW,0,0.09574236411268056,LOW,0.2290872286113798
7670,13.19569946694524,80.2593904637775,3.0,1.8522543907165527,2456.908889376671,40,LOW,0,0.05324680134211779,LOW,0.1965919466410979
7671,13.197959921717032,80.25938365534749,4.0,0.9263692498207092,2417.8863289038222,40,LOW,0,0.052197431217431214,LOW,0.2567505996705996
7672,13.20022037608712,80.25937684564678,4.0,2.777172803878784,2304.7589793733487,10,LOW,0,0.035078311170996045,LOW,0.12540941076475387
7673,13.202480830055428,80.2593700346753,3.0,1.8522543907165527,2109.517987928349,10,LOW,0,0.034665382760699213,LOW,0.1490108222099734
7728,12.999044928678329,80.26228313094148,13.0,3.814206600189209,1378.3687934375782,50,LOW,0,0.09889829287859847,LOW,0.2739335595926429
7734,13.012607866661924,80.26224304862505,3.0,2.0707030296325684,198.23539268661668,10,HIGH,2,0.20393321447177282,LOW,0.5742817718894377
7735,13.01486835493869,80.26223636382151,3.0,5.911112308502197,38.86136033762948,80,HIGH,2,0.6031304052156995,HIGH,0.7869072641410879
7736,13.01712884281895,80.26222967775571,7.0,1.309969782829285,275.9581133618757,50,MODERATE,1,0.30307185282933774,LOW,0.5632404247405898
7742,13.030691761770344,80.26218953485001,6.0,0.9263692498207092,51.511956652642816,10,LOW,0,0.517395837044792,HIGH,0.7613438956382453
7753,13.055557076056164,80.26211582145564,15.0,2.927142381668091,742.3591349925989,10,LOW,0,0.07107902956347462,LOW,0.34529533349828584
7755,13.060078037122896,80.26210240260001,12.0,3.336585760116577,357.7802335593067,50,LOW,0,0.14191024973076288,LOW,0.4045696348810754
7756,13.06233851705962,80.26209569127715,12.0,3.814206600189209,203.9652287389553,50,LOW,0,0.25363645233546367,LOW,0.5203148445551156
7757,13.064598996598487,80.2620889786909,9.0,2.777172803878784,119.98716751975586,30,HIGH,2,0.7583546665046028,HIGH,0.9073417835994269
7758,13.066859475739449,80.26208226484113,7.0,2.777172803878784,84.11772722947298,50,HIGH,2,0.893233976947525,HIGH,0.9489669515952176
7759,13.069119954482426,80.26207554972784,11.0,0.9263692498207092,307.46579073344344,50,HIGH,2,0.7579622059472513,HIGH,0.9038535113037061
7760,13.071380432827366,80.26206883335095,10.0,1.8522543907165527,518.7785256067264,50,MODERATE,1,0.1539517493675773,MODERATE,0.8056943919935811
7761,13.073640910774198,80.2620621157104,9.0,3.814206600189209,419.5653003569354,10,HIGH,2,0.5911642206396248,HIGH,0.8484453186227146
7762,13.075901388322864,80.26205539680618,12.0,3.336585760116577,403.3411370666892,50,MODERATE,1,0.1496506464943021,MODERATE,0.895011018033901
7763,13.07816186547329,80.26204867663817,12.0,4.136011123657227,463.25934508097686,50,MODERATE,1,0.12600070155619927,MODERATE,0.8817147001361121
7764,13.080422342225424,80.26204195520636,7.0,3.336585760116577,543.8332491893094,50,HIGH,2,0.5489909994802633,HIGH,0.8322016460599104
7765,13.08268281857919,80.26203523251067,11.0,3.336585760116577,678.2430433407477,50,MODERATE,1,0.13961334322510044,MODERATE,0.8626280908851521
7766,13.084943294534536,80.26202850855107,12.0,2.0707030296325684,861.4690798964954,50,LOW,0,0.060434708721293515,LOW,0.489039427984231
7768,13.089464245249689,80.26201505683989,9.0,2.927142381668091,1259.271768907778,50,LOW,0,0.07950324205427542,LOW,0.2727506769246727
7769,13.09172472000937,80.26200832908818,9.0,2.0707030296325684,1287.8242744673678,50,LOW,0,0.05373172045275383,LOW,0.2033261427410082
7770,13.093985194370369,80.26200160007232,6.0,1.309969782829285,1304.680743796922,50,LOW,0,0.06654646085080868,LOW,0.2656641531293067
7771,13.096245668332624,80.26199486979228,4.0,1.8522543907165527,1302.0184043673826,50,LOW,0,0.08211635227517582,LOW,0.2287433763238751
7772,13.098506141896069,80.26198813824797,2.0,2.777172803878784,1294.5314700732954,50,LOW,0,0.09330248232779875,LOW,0.28112535600118227
7773,13.100766615060634,80.26198140543937,7.0,0.9263692498207092,1230.220041970084,50,LOW,0,0.016773059130038532,LOW,0.10735963297133039
7775,13.1052875601929,80.26196793602898,7.0,2.0707030296325684,1044.6514699987613,50,LOW,0,0.006590692972988836,LOW,0.056125954060089064
7776,13.10754803216046,80.26196119942712,4.0,2.0707030296325684,942.057445679204,50,LOW,0,0.0374734058487223,LOW,0.15443894189859175
7788,13.134673664620786,80.26188026155553,2.0,1.309969782829285,1477.4506972156864,10,LOW,0,0.04595677421948198,LOW,0.15460602011380298
7792,13.143715529316298,80.26185324178354,3.0,0.9263692498207092,1119.8202417477503,80,LOW,0,0.04456334776334777,LOW,0.2660320346320346
7793,13.145975994489948,80.26184648367715,6.0,2.0707030296325684,1007.9004341867088,10,LOW,0,0.015314386194083289,LOW,0.14699161515380957
7794,13.148236459263382,80.26183972430529,3.0,0.0,950.1206221525362,10,LOW,0,0.02023077096816227,LOW,0.12670944754307928
7795,13.150496923636537,80.26183296366789,5.0,0.9263692498207092,956.3446596522034,50,LOW,0,0.01693077984817115,LOW,0.13744052060871764
7796,13.152757387609345,80.26182620176492,4.0,0.9263692498207092,1025.4077332705538,10,LOW,0,0.021386475023866328,LOW,0.160800981279613
7797,13.155017851181745,80.26181943859632,10.0,2.0707030296325684,1146.0047691248155,40,LOW,0,0.013330223148789348,LOW,0.0809621509958268
7798,13.157278314353672,80.261812674162,10.0,2.0707030296325684,1303.9144305753302,10,LOW,0,0.020204887373453575,LOW,0.11168381315009772
7807,13.177622464869165,80.26175173728802,4.0,2.927142381668091,2989.9303064294127,10,LOW,0,0.1483780112480112,LOW,0.3091732397232397
7809,13.182143382795342,80.26173818183317,6.0,2.0707030296325684,2898.660073802658,10,LOW,0,0.1093350166903276,LOW,0.18005442204664202
7810,13.184403841156604,80.26173140220625,5.0,0.9263692498207092,2739.366854773601,10,LOW,0,0.07964052701052703,LOW,0.19289168523221156
7811,13.18666429911656,80.26172462131291,5.0,2.0707030296325684,2594.4231163414324,10,LOW,0,0.08339835676867322,LOW,0.16679108804458906
7812,13.188924756675148,80.26171783915309,2.0,0.0,2466.360040257985,50,LOW,0,0.0603590909090909,LOW,0.2544394542655413
7813,13.191185213832307,80.26171105572676,4.0,1.8522543907165527,2357.929682954084,50,LOW,0,0.06257538720070366,LOW,0.26264025845432004
7814,13.19344567058796,80.26170427103384,6.0,2.927142381668091,2271.9447465399603,50,LOW,0,0.019498711926659962,LOW,0.1751415009189492
7815,13.195706126942062,80.26169748507428,4.0,2.618571519851685,2211.025434703342,40,LOW,0,0.05446088035619682,LOW,0.23532336523133987
7816,13.197966582894542,80.26169069784804,6.0,1.309969782829285,2170.0817147646626,40,LOW,0,0.05503916318447964,LOW,0.27493351619149087
7817,13.200227038445334,80.26168390935504,3.0,1.309969782829285,2149.490180662267,40,LOW,0,0.03606801346332992,LOW,0.2068263677755191
7818,13.202487493594363,80.26167711959525,3.0,2.0707030296325684,1955.6097424802897,40,LOW,0,0.05200572954841442,LOW,0.21330837845489817
7861,12.971925532752923,80.26466810224667,2.0,1.309969782829285,1272.904508091045,50,LOW,0,0.05604741332881749,LOW,0.3730317420825011
7878,13.010353920767788,80.26455502946675,12.0,0.0,514.6109556499608,10,MODERATE,1,0.08042462722462719,LOW,0.3662810461143795
7879,13.012614410616305,80.26454836680536,5.0,2.777172803878784,277.5142026257147,80,HIGH,2,0.3077521308765054,LOW,0.6002661666004974
7880,13.0148749000684,80.26454170288568,-4.0,10.678775787353516,39.33537616670488,80,HIGH,2,0.6245267921620862,HIGH,0.8291634690472925
7882,13.019395877783078,80.26452837127127,3.0,3.814206600189209,177.75844884623083,10,LOW,0,0.3288057007320165,MODERATE,0.7138394088367774
7888,13.032958801406371,80.2644883462237,9.0,7.918813228607178,40.96723741931053,10,LOW,0,0.2731627385686209,LOW,0.6081988351517762
7890,13.037479772772183,80.26447499447158,11.0,2.0707030296325684,376.0784952767044,50,LOW,0,0.10932194707881274,LOW,0.2612128390026762
7891,13.03974025785943,80.26446831670725,9.0,2.0707030296325684,553.724123024901,50,LOW,0,0.044310835852226706,LOW,0.2062062318590348
7892,13.042000742549492,80.26446163768398,9.0,2.0707030296325684,620.6678181783335,50,LOW,0,0.04587707741846826,LOW,0.21617815267177937
7900,13.060084605763512,80.26440816016957,9.0,4.136011123657227,548.564475926709,50,LOW,0,0.11888096365921894,LOW,0.31624473607937986
7901,13.062345086875991,80.26440146981341,11.0,2.927142381668091,439.68834820467447,50,LOW,0,0.13728617963505674,LOW,0.283519540549071
7903,13.066866047907409,80.26438808532264,4.0,1.309969782829285,6.74426676635389,80,HIGH,2,0.8856658420011362,HIGH,0.9644980713730714
7905,13.071387007346988,80.26437469579348,8.0,3.336585760116577,327.0403188421574,50,HIGH,2,0.7694127594077287,HIGH,0.8959474897957009
7907,13.075907965194231,80.2643613012255,11.0,1.309969782829285,157.50377519333796,50,HIGH,2,0.7978315683973897,HIGH,0.9340928192705018
7908,13.078168443520568,80.26435460205185,4.0,2.777172803878784,226.27441899990345,50,HIGH,2,0.7240180750406117,HIGH,0.8810334114402907
7909,13.080428921448624,80.26434790161832,11.0,2.927142381668091,325.7244456686668,50,HIGH,2,0.7743979513342039,HIGH,0.9158249021166189
7910,13.082689398978337,80.26434119992487,12.0,2.0707030296325684,508.6774138901157,10,MODERATE,1,0.0809317057079329,MODERATE,0.8173579985309085
7911,13.084949876109649,80.26433449697143,12.0,5.226249694824219,702.6905755993859,10,MODERATE,1,0.07069636836705627,MODERATE,0.8325285701008613
7912,13.087210352842488,80.26432779275798,10.0,0.0,921.1208617873752,50,LOW,0,0.05132618961877273,LOW,0.3231095744654973
7913,13.089470829176795,80.26432108728444,8.0,1.309969782829285,1044.432581370455,50,LOW,0,0.058855270462249865,LOW,0.3425178158027633
7914,13.091731305112509,80.26431438055076,7.0,0.9263692498207092,1038.1384731947408,50,LOW,0,0.0989144612714407,LOW,0.30461358523800647
7915,13.093991780649551,80.26430767255688,4.0,2.0707030296325684,1054.6949203013446,50,LOW,0,0.09588116988999341,LOW,0.2497411533314347
7916,13.096252255787878,80.26430096330274,8.0,0.9263692498207092,1052.0325808718053,50,LOW,0,0.0314325218895013,LOW,0.2126690365365928
7917,13.098512730527412,80.26429425278833,7.0,2.0707030296325684,1049.3702414422658,50,LOW,0,0.020603247085542946,LOW,0.11613526141939645
7918,13.100773204868087,80.26428754101353,5.0,2.618571519851685,988.5394846920212,50,LOW,0,0.03597118192885132,LOW,0.1033319083169418
7920,13.105294152352634,80.26427411368266,6.0,2.0707030296325684,826.5738155426692,50,LOW,0,0.014790661402678625,LOW,0.11664510912658342
7921,13.107554625496368,80.26426739812645,8.0,2.0707030296325684,707.7211892333934,50,LOW,0,0.0164324448603929,LOW,0.19949201684650558
7930,13.127898865822395,80.26420690138796,7.0,4.622196197509766,1050.997285617285,50,LOW,0,0.026526836398521682,LOW,0.11967151948423994
7932,13.132419803722176,80.26419344379788,3.0,0.9263692498207092,1172.3039530734295,30,LOW,0,0.02318950830925255,LOW,0.1569644811695835
7936,13.141461674723466,80.26416651348306,4.0,0.0,1098.7616959861227,10,LOW,0,0.019397959617703863,LOW,0.1285933142734166
7937,13.143722141473772,80.26415977775098,2.0,0.9263692498207092,918.7726465084096,80,LOW,0,0.059331313131313144,LOW,0.2781248196248196
7940,13.150503539323651,80.26413956298573,6.0,2.0707030296325684,710.4512018354014,40,LOW,0,0.0264485512239005,LOW,0.2341196926322026
7941,13.152764004473044,80.26413282220747,6.0,2.777172803878784,801.0036339462716,40,LOW,0,0.04047461833666835,LOW,0.18587386909654513
7942,13.15502446922205,80.26412608016751,6.0,0.9263692498207092,950.5118268600866,40,LOW,0,0.03540617073026279,LOW,0.1649783194455957
7946,13.164066324212913,80.26409909938982,8.0,1.309969782829285,1612.2055172451696,50,LOW,0,0.02860758872293799,LOW,0.1135276827251477
7947,13.166326786959017,80.26409235104063,4.0,2.927142381668091,1799.811735784569,50,LOW,0,0.05814573708553461,LOW,0.13952665164887723
7948,13.16858724930435,80.26408560142943,2.0,3.814206600189209,2001.109177106527,40,LOW,0,0.12702163729138158,LOW,0.2119109329504471
7949,13.170847711248843,80.26407885055616,3.0,4.136011123657227,2212.363802165471,50,LOW,0,0.115884134373252,LOW,0.20897240180034293
7950,13.17310817279244,80.26407209842077,3.0,2.0707030296325684,2430.981128590709,10,LOW,0,0.16128590265096338,LOW,0.22478155052021576
7952,13.177629094676677,80.26405859036338,3.0,2.927142381668091,2872.355940411669,30,LOW,0,0.22482969552475626,LOW,0.3424845805620693
7953,13.17988955501719,80.26405183444128,2.0,2.0707030296325684,2893.3568136693407,10,HIGH,2,0.5667473457976627,HIGH,0.6346655212037904
7956,13.186670933631536,80.26403155910067,5.0,3.924445152282715,2389.197247782984,40,LOW,0,0.04412931937343701,LOW,0.14825384012730766
7957,13.188931392367042,80.26402479812886,3.0,0.9263692498207092,2249.4808357459647,10,LOW,0,0.04896966197201493,LOW,0.20050080174727236
7958,13.191191850701138,80.26401803589447,1.0,2.0707030296325684,2130.038631565855,50,LOW,0,0.10960927716694652,LOW,0.34779591452762326
7959,13.19345230863376,80.26401127239745,3.0,1.309969782829285,2034.444669568951,50,LOW,0,0.05687278865545805,LOW,0.3067755493072581
7960,13.19571276616484,80.26400450763776,3.0,1.8522543907165527,1966.1804736880324,40,LOW,0,0.05154241292008232,LOW,0.3013290487546705
7961,13.197973223294314,80.26399774161534,4.0,0.0,1922.8455471024893,40,MODERATE,1,0.04714066184301478,LOW,0.4322246426211133
7962,13.200233680022128,80.26399097433013,3.0,1.309969782829285,1899.575843713391,20,MODERATE,1,0.037664929292598695,LOW,0.47976108338670537
8013,12.98775551108518,80.26692667686319,5.0,2.0707030296325684,1571.776286668233,10,LOW,0,0.07569669702003667,LOW,0.18021586638114157
8023,13.01036044307452,80.26686032802537,11.0,1.309969782829285,560.727671943208,50,MODERATE,1,0.0556719447485152,LOW,0.3007254652334672
8024,13.012620934094668,80.26685368624393,5.0,4.713325023651123,331.682969656337,80,HIGH,2,0.24713899177018372,LOW,0.5430389473701391
8025,13.01488142471842,80.26684704320817,-1.0,5.839084625244141,86.03895037037275,10,HIGH,2,0.3694605366855366,MODERATE,0.7678345654345655
8026,13.017141914945704,80.266840398918,7.0,1.8522543907165527,163.17476821038602,10,MODERATE,1,0.3967036740465228,HIGH,0.7559065877994364
8027,13.019402404776462,80.2668337533734,1.0,4.136011123657227,289.8941710783135,50,LOW,0,0.25113959736606795,LOW,0.6089172380172378
8028,13.021662894210628,80.26682710657431,7.0,6.190611839294434,138.9784411441718,10,MODERATE,1,0.4206595045992878,HIGH,0.737731148967991
8037,13.042007281260934,80.266767228921,9.0,4.713325023651123,393.466735921305,50,LOW,0,0.1154739443858088,LOW,0.294413698763049
8038,13.04426776672566,80.26676056957392,9.0,2.0707030296325684,542.3271538005554,50,LOW,0,0.04472290232981043,LOW,0.19539703358604338
8045,13.060091153850868,80.26671391899855,10.0,2.618571519851685,760.371449018981,50,LOW,0,0.06057282067991744,LOW,0.2596900083365114
8046,13.062351636135432,80.26670724960915,10.0,1.8522543907165527,511.8433187783984,50,LOW,0,0.06515901066591875,LOW,0.21826577225478214
8047,13.064612118022186,80.26670057896423,13.0,3.814206600189209,265.313286296258,50,LOW,0,0.2336980633594586,LOW,0.48922597314960337
8048,13.06687259951107,80.26669390706373,4.0,1.309969782829285,19.374758562599617,80,HIGH,2,0.8870077389930328,HIGH,0.9570874431124428
8052,13.075914521486592,80.26666720690467,7.0,0.9263692498207092,87.47706479906908,50,HIGH,2,0.9029675872914017,HIGH,0.9598994076061222
8053,13.078175000985157,80.2666605287254,7.0,2.927142381668091,10.710507081170013,80,HIGH,2,0.8538215693276452,HIGH,0.9614946749873221
8054,13.080435480085455,80.2666538492902,11.0,2.927142381668091,155.88574788373603,10,HIGH,2,0.7505429897912239,HIGH,0.900776757449107
8055,13.082695958787436,80.26664716859902,5.0,2.927142381668091,362.5910907454691,50,MODERATE,1,0.20885706385058445,MODERATE,0.7501861994971816
8056,13.084956437091034,80.26664048665182,7.0,3.814206600189209,600.9674667331915,10,MODERATE,1,0.12949186722764286,MODERATE,0.7920197436358394
8057,13.087216914996182,80.26663380344856,10.0,3.336585760116577,806.5186183841748,50,MODERATE,1,0.11247478607055056,MODERATE,0.7024157515647658
8058,13.089477392502816,80.26662711898915,8.0,2.618571519851685,794.7114944612638,50,LOW,0,0.08349030104493999,LOW,0.4034961946504866
8061,13.096258822631,80.26660705807353,7.0,0.9263692498207092,802.046757376228,50,LOW,0,0.044973804680784095,LOW,0.25940926250769886
8062,13.09851929854295,80.26660036858904,8.0,1.309969782829285,799.3844179466886,50,LOW,0,0.029738191770487633,LOW,0.24930631824558963
8063,13.10077977405606,80.26659367784812,7.0,0.9263692498207092,746.9871471095215,50,LOW,0,0.02930555071253012,LOW,0.18726667439405809
8064,13.103040249170272,80.26658698585074,7.0,0.9263692498207092,692.2644024535983,50,LOW,0,0.029939919242550822,LOW,0.23265684002552803
8065,13.105300723885527,80.26658029259684,5.0,1.309969782829285,608.4961610865773,50,LOW,0,0.055124430883906506,LOW,0.32436598832127905
8066,13.107561198201752,80.26657359808637,7.0,2.0707030296325684,486.25812843335865,50,LOW,0,0.07333459031070283,LOW,0.25715010518389003
8075,13.12790544908114,80.2665132909372,2.0,2.0707030296325684,808.4665182749306,50,MODERATE,1,0.04042918640424711,MODERATE,0.547175886353972
8080,13.139207796695525,80.26647974296867,4.0,3.7006449699401855,1145.9001889237122,60,LOW,0,0.04274577093551517,LOW,0.18134044798055027
8081,13.141468265018704,80.26647302960299,3.0,1.8522543907165527,960.4285849090386,10,LOW,0,0.03626917345423415,LOW,0.16535925997851347
8082,13.143728732941836,80.26646631497987,2.0,3.336585760116577,747.8562549822959,90,LOW,0,0.06941086353733414,LOW,0.3112007545105584
8083,13.145989200464854,80.26645959909924,0.0,3.814206600189209,566.7052933597066,10,LOW,0,0.09736932832554056,LOW,0.48726142271428974
8085,13.1505101343103,80.2664461635652,5.0,2.0707030296325684,468.92079537321,50,LOW,0,0.053818388408030354,LOW,0.2868054213383239
8086,13.1527706006326,80.26643944391171,3.0,2.0707030296325684,597.2877227427417,40,LOW,0,0.04652926048012411,LOW,0.4561052440169513
8087,13.15503106655453,80.26643272300048,-1.0,3.814206600189209,786.5230671410577,40,LOW,0,0.07703822759742264,LOW,0.3915416712262119
8091,13.1640729262373,80.26640582677719,4.0,2.927142381668091,1448.9389044949542,10,LOW,0,0.03690367796873865,LOW,0.14443427016234717
8092,13.166333390156431,80.26639909957649,5.0,4.713325023651123,1655.1554620008164,90,LOW,0,0.04224030784030783,LOW,0.35739096921596925
8098,13.179896165253211,80.26635870995115,4.0,2.0707030296325684,2677.4061235853264,40,HIGH,2,0.5270174574501275,HIGH,0.6329548734181429
8099,13.18215662636574,80.26635197394289,1.0,1.309969782829285,2539.803445945792,10,LOW,0,0.17079052484084134,LOW,0.25712458240402775
8101,13.18667754738714,80.26633849815094,2.0,1.309969782829285,2193.284220300866,10,LOW,0,0.10324782972549909,LOW,0.21784838497400671
8103,13.191198466803232,80.26632501732479,6.0,2.927142381668091,1907.694093446309,50,LOW,0,0.023332840835247077,LOW,0.24140803932722152
8104,13.193458925909129,80.26631827502375,3.0,0.9263692498207092,1800.3325514316823,60,LOW,0,0.039395428427781376,LOW,0.3636138968164543
8105,13.195719384613508,80.26631153146397,4.0,0.9263692498207092,1722.816832202161,40,MODERATE,1,0.049012162564515495,LOW,0.39180754305401366
8106,13.197979842916304,80.26630478664542,2.0,2.0707030296325684,1676.1457409309498,50,MODERATE,1,0.0715177187253881,LOW,0.3887078114895202
8107,13.200240300817454,80.26629804056803,3.0,1.8522543907165527,1649.6874659387383,40,LOW,0,0.058120673548342945,LOW,0.3720291708547926
8108,13.202500758316893,80.26629129323177,2.0,1.309969782829285,1611.962740408752,40,LOW,0,0.06565421223188164,LOW,0.4027596792353011
8157,12.985501504697057,80.2692383752434,3.0,4.713325023651123,1753.5930499066396,60,LOW,0,0.11028746736080702,LOW,0.263907066847342
8169,13.012627437096969,80.26915900693686,3.0,2.927142381668091,225.1646214585713,10,HIGH,2,0.18756044176517664,LOW,0.5823071627839465
8170,13.014887928888692,80.26915238478506,5.0,2.618571519851685,2.457602126424383,80,MODERATE,1,0.45658361067037545,HIGH,0.8513651446592623
8173,13.021669401884946,80.26913251082675,9.0,0.9263692498207092,283.3609060910314,50,LOW,0,0.17100602257237124,LOW,0.4641047042260122
8174,13.023929892090516,80.26912588367283,5.0,0.9263692498207092,50.57600833003514,10,LOW,0,0.48012535415364327,HIGH,0.8108214020127331
8178,13.03297184894515,80.26909936254998,3.0,9.09423542022705,326.0966302109932,40,LOW,0,0.19459153481537383,LOW,0.47294453704190537
8180,13.03749282499099,80.2690860944835,8.0,2.0707030296325684,16.075748050866654,50,MODERATE,1,0.16976752743443912,MODERATE,0.8616546795796796
8181,13.039753312418314,80.2690794585738,10.0,4.136011123657227,63.30414755706968,50,LOW,0,0.1660386174636175,LOW,0.5754426492726495
8182,13.042013799448494,80.26907282141306,14.0,0.9263692498207092,189.8136311777854,50,MODERATE,1,0.10848328354862617,MODERATE,0.6794605449388963
8183,13.04427428608146,80.26906618300121,12.0,0.9263692498207092,362.00020573626375,50,LOW,0,0.055464351575497096,LOW,0.3217555752297236
8189,13.057837197534228,80.26902632625406,10.0,0.9263692498207092,1048.0091611206233,50,LOW,0,0.02046022514846044,LOW,0.1592097689569961
8191,13.062358164837883,80.26901303066043,11.0,0.9263692498207092,557.919229871021,50,LOW,0,0.05044515463338993,LOW,0.24236621740298203
8192,13.064618647893065,80.26900638098626,6.0,1.8522543907165527,322.8472773410175,10,LOW,0,0.22806246599238592,LOW,0.4571019471560663
8193,13.06687913055039,80.26899973006046,9.0,6.650692939758301,99.0192164828939,50,LOW,0,0.28930291247298673,LOW,0.5922369435725816
8194,13.0691396128098,80.26899307788295,4.0,1.309969782829285,20.60938824511072,30,LOW,0,0.6672010498760494,HIGH,0.8327228280978277
8195,13.071400094671226,80.26898642445367,9.0,3.814206600189209,48.04160730042459,10,LOW,0,0.262408991008991,MODERATE,0.7027353942353942
8196,13.073660576134616,80.26897976977261,10.0,2.0707030296325684,210.0179714721012,50,LOW,0,0.2939396050281153,LOW,0.6184166965872204
8197,13.075921057199894,80.26897311383969,8.0,2.0707030296325684,327.3078995877233,50,LOW,0,0.3178357833749874,LOW,0.5686184333860642
8198,13.078181537866996,80.26896645665485,6.0,2.0707030296325684,181.8607715964353,50,HIGH,2,0.6861676449750047,HIGH,0.8805936664207268
8199,13.080442018135864,80.26895979821805,6.0,1.309969782829285,64.50615590255899,50,HIGH,2,0.8538015825717206,HIGH,0.953251230685577
8200,13.082702498006435,80.26895313852921,12.0,2.777172803878784,310.90389885203905,50,MODERATE,1,0.18139212215037023,MODERATE,0.8287413864282914
8201,13.08496297747864,80.2689464775883,8.0,1.309969782829285,559.2054125525226,50,MODERATE,1,0.07578012232694131,MODERATE,0.7732921845313715
8202,13.087223456552412,80.26893981539527,8.0,2.0707030296325684,556.9387704492258,50,MODERATE,1,0.07076437093884948,MODERATE,0.7539158589656839
8208,13.100786322624488,80.26889981593916,7.0,4.136011123657227,505.4348095270216,40,LOW,0,0.09610945530547886,LOW,0.3681724055457387
8209,13.10304679890747,80.26889314497966,13.0,6.650692939758301,445.4170842112875,10,LOW,0,0.10763478282982925,LOW,0.5170853646353648
8210,13.105307274791516,80.2688864727676,6.0,2.0707030296325684,390.41850663048535,10,LOW,0,0.10339881989316772,LOW,0.4239465614007645
8213,13.112088700049371,80.26886644861543,2.0,0.9263692498207092,148.1299717348535,10,MODERATE,1,0.2927826185346751,MODERATE,0.8664125752345679
8219,13.125651539785054,80.26882636648432,-1.0,5.386162281036377,503.774875462112,10,LOW,0,0.16095733321919756,LOW,0.4809135300755274
8225,13.139214365135857,80.26878623924101,4.0,2.0707030296325684,906.8727992222068,40,LOW,0,0.04067342895848964,LOW,0.2720881588101487
8226,13.14147483462815,80.26877954698038,1.0,0.0,873.2518931296147,80,LOW,0,0.052438744588744604,LOW,0.31861277056277065
8227,13.143735303720424,80.26877285346626,1.0,6.190611839294434,632.0085286293393,80,LOW,0,0.07946048581048584,LOW,0.39784510982844323
8231,13.15277717608796,80.26874606687366,3.0,2.618571519851685,443.7323809271618,40,MODERATE,1,0.045007391594012944,MODERATE,0.6801631004784056
8232,13.155037643179137,80.26873936709121,9.0,6.190611839294434,630.8881560521019,90,MODERATE,1,0.030931493691493686,MODERATE,0.719998775052109
8233,13.1572981098699,80.26873266605493,4.0,2.0707030296325684,739.8645647177149,80,MODERATE,1,0.03417936507936508,MODERATE,0.7196808199047329
8234,13.159558576160189,80.26872596376478,1.0,3.7006449699401855,905.2126596651822,40,LOW,0,0.06149504436739732,LOW,0.31550070422776294
8236,13.16407950753908,80.26871255542257,5.0,1.309969782829285,1313.2559796484118,40,LOW,0,0.0521042490119512,LOW,0.163958793696116
8237,13.16633997262756,80.26870584937042,6.0,4.136011123657227,1537.7766165846092,40,LOW,0,0.02734361061596356,LOW,0.08011975995681876
8238,13.16860043731531,80.26869914206418,6.0,2.777172803878784,1769.1445890448035,10,LOW,0,0.02352239753009974,LOW,0.0986374899998123
8242,13.177642292057715,80.26867230029701,10.0,2.777172803878784,2379.061794822618,40,LOW,0,0.032325654735687555,LOW,0.0864268395201809
8243,13.179902754740851,80.26866558671941,3.0,2.0707030296325684,2436.3408501676054,40,LOW,0,0.26637663410195017,LOW,0.3726576478870928
8244,13.182163217022872,80.26865887188738,3.0,2.927142381668091,2364.125744693286,10,LOW,0,0.10083203388735035,LOW,0.19627358869185751
8246,13.186684140383315,80.26864543845979,2.0,0.9263692498207092,2009.409827095452,40,LOW,0,0.05680923351158646,LOW,0.2787371542836249
8247,13.18894460146161,80.26863871986411,3.0,1.309969782829285,1841.094347067078,60,LOW,0,0.03769610700377639,LOW,0.33455445928616806
8249,13.193465522414025,80.26862527890876,4.0,0.0,1571.123635476058,10,LOW,0,0.04194464119699413,LOW,0.3440672278136985
8250,13.19572598228802,80.26861855654896,3.0,0.9263692498207092,1481.66461101225,40,MODERATE,1,0.03122834773070067,LOW,0.4220354615319322
8262,13.222851469435865,80.26853779033962,5.0,1.309969782829285,109.60770809797224,10,HIGH,2,0.8829508750021908,HIGH,0.9388344655344656
8313,13.010373426270768,80.27147092890151,11.0,5.839084625244141,371.9044251162073,10,MODERATE,1,0.1407196943579296,LOW,0.4590962898212899
8314,13.012633919623148,80.27146432888017,3.0,2.0707030296325684,131.70916279855757,40,HIGH,2,0.29545886128660737,MODERATE,0.7256570896283143
8315,13.01489441257917,80.27145772761239,5.0,4.713325023651123,102.09090583159798,80,MODERATE,1,0.3717718689806923,HIGH,0.7375147649735883
8318,13.02167588906844,80.27143791632979,4.0,4.136011123657227,210.1886193282471,50,LOW,0,0.21543397169010386,LOW,0.5010590909756004
8319,13.023936380438387,80.27143131007567,5.0,1.309969782829285,4.283870870545084,80,MODERATE,1,0.3605074365177308,MODERATE,0.9458145005321477
8327,13.042020297112122,80.27137841515622,10.0,3.924445152282715,14.822693912040377,50,MODERATE,1,0.1170421495171495,MODERATE,0.7607517871017876
8328,13.044280784909647,80.27137179767968,10.0,3.814206600189209,253.3320445055973,50,LOW,0,0.10129646574740912,LOW,0.3513699794896022
8332,13.053322732126569,80.27134531530088,7.0,1.309969782829285,853.1796974974575,50,LOW,0,0.04327355618807232,LOW,0.2243919664722672
8342,13.075927572334074,80.27127902202663,10.0,4.976532936096191,295.1225163102234,50,LOW,0,0.19727248524283847,LOW,0.5082490962891464
8343,13.078188054166048,80.27127238583628,6.0,2.0707030296325684,99.14612244666908,50,MODERATE,1,0.26921332934365705,MODERATE,0.8675347414671872
8344,13.080448535599803,80.27126574839792,4.0,2.0707030296325684,116.52275577330694,50,HIGH,2,0.3864002080143389,MODERATE,0.8669168589969014
8345,13.08270901663528,80.27125910971148,7.0,0.9263692498207092,351.76200703294165,50,HIGH,2,0.1556318718886493,LOW,0.4832324512830563
8346,13.084969497272413,80.27125246977691,11.0,2.927142381668091,339.87388198365926,50,MODERATE,1,0.20743694799087029,LOW,0.593558995029531
8347,13.087229977511136,80.27124582859416,12.0,2.0707030296325684,307.44685154100785,10,MODERATE,1,0.11110798573123382,MODERATE,0.6662532501201553
8348,13.089490457351385,80.27123918616317,11.0,4.622196197509766,295.26932064288127,50,MODERATE,1,0.18671790627684792,LOW,0.5409463302006703
8353,13.100792850573322,80.27120595528272,7.0,3.336585760116577,263.8824719445219,50,LOW,0,0.16583345705462635,LOW,0.41914929541379564
8356,13.10757428172073,80.27118600177212,2.0,2.927142381668091,50.10281952117474,10,HIGH,2,0.808326912630672,HIGH,0.9682660788946504
8357,13.109834757971855,80.27117934810454,5.0,2.0707030296325684,72.13521313204393,50,MODERATE,1,0.27625653585832155,MODERATE,0.8857959668171853
8358,13.11209523382387,80.27117269318816,4.0,2.0707030296325684,97.62385682380769,50,MODERATE,1,0.2825792478685336,MODERATE,0.8805732661518386
8359,13.114355709276705,80.27116603702295,0.0,2.927142381668091,40.674984539963646,60,HIGH,2,0.8563822412108015,HIGH,0.9641411969609338
8360,13.116616184330304,80.27115937960886,3.0,2.927142381668091,21.53892699185069,10,HIGH,2,0.8273309343792317,HIGH,0.9540761275761277
8361,13.118876658984597,80.27115272094582,-2.0,2.0707030296325684,83.5427313092274,40,HIGH,2,0.7712407811114461,HIGH,0.9425954075651438
8362,13.121137133239523,80.27114606103378,4.0,1.309969782829285,142.64932914789304,30,MODERATE,1,0.3955220979395653,HIGH,0.7638463586111999
8364,13.125658080551016,80.27113273746245,-3.0,7.865800857543945,261.7130366382798,10,LOW,0,0.35662760295260293,HIGH,0.6857786186036186
8370,13.139220912894022,80.27109273676679,2.0,0.0,667.8454095207009,10,LOW,0,0.03733786749482401,LOW,0.38260255179603
8371,13.141481383551762,80.27108606561129,1.0,3.814206600189209,744.3339606480239,90,LOW,0,0.07427577455224516,LOW,0.32963457686104736
8372,13.143741853809493,80.27107939320622,11.0,2.0707030296325684,603.8050864346043,20,LOW,0,0.05399764853503985,LOW,0.33190883541579186
8375,13.150523262182004,80.2710593684932,3.0,0.9263692498207092,128.999134710903,50,LOW,0,0.36822820033247106,HIGH,0.6593820352009787
8376,13.15278373083907,80.2710526910894,8.0,0.9263692498207092,350.7753610525676,50,LOW,0,0.09282324420677364,LOW,0.32164679625843706
8377,13.155044199095808,80.27104601243579,4.0,2.618571519851685,396.58029826730495,50,LOW,0,0.068394484228474,LOW,0.41065009378075007
8378,13.157304666952154,80.2710393325323,4.0,3.336585760116577,551.8257187820145,30,MODERATE,1,0.0765560506903959,MODERATE,0.735316566498696
8382,13.166346534372352,80.27101260041844,1.0,3.336585760116577,1454.2951012905462,10,LOW,0,0.06261877211644148,LOW,0.1624346563496898
8383,13.168607000225787,80.27100591426475,1.0,7.370669364929199,1697.0827605245947,90,LOW,0,0.09704033189033189,LOW,0.3022713564213564
8384,13.170867465678446,80.27099922686085,2.0,3.814206600189209,1941.7017151204964,10,LOW,0,0.10020352762327187,LOW,0.17701107500058905
8387,13.177648859631136,80.27097915714738,8.0,2.0707030296325684,2133.585763724492,50,LOW,0,0.032976062471411736,LOW,0.12996760156447829
8388,13.179909323480064,80.27097246474212,7.0,1.309969782829285,2197.2732933749085,10,LOW,0,0.09163900386931484,LOW,0.23056606883328887
8389,13.182169786927892,80.27096577108637,1.0,2.0707030296325684,2200.2627966460527,10,HIGH,2,0.16624375216906864,LOW,0.30506756442200966
8399,13.204774399331976,80.27089876574051,6.0,2.0707030296325684,1070.1126364715662,10,MODERATE,1,0.050241070911070905,MODERATE,0.7279849542049543
8406,13.220597604111743,80.27085178756224,3.0,1.8522543907165527,65.07973246831376,10,HIGH,2,0.9332003283266442,HIGH,0.9630484848484849
8407,13.222858060328962,80.27084507138848,5.0,1.309969782829285,49.10937435731714,10,HIGH,2,0.9007818495831658,HIGH,0.9453617882117886
8458,13.01037988716018,80.27377623121114,10.0,4.622196197509766,317.55188176774794,10,MODERATE,1,0.1511514301058419,LOW,0.4567490274431453
8459,13.01264038167316,80.27376965206993,3.0,0.0,72.33319312870373,80,HIGH,2,0.4993082817509288,HIGH,0.8162365054879761
8460,13.0149008757898,80.27376307168622,3.0,2.0707030296325684,170.66389915696547,40,HIGH,2,0.3029209673178311,MODERATE,0.7038741083938624
8461,13.017161369510038,80.27375649005994,2.0,2.927142381668091,162.1131329790892,50,MODERATE,1,0.37395623097151565,HIGH,0.7365206022429877
8462,13.01942186283381,80.27374990719105,2.0,1.309969782829285,213.3715565583542,10,MODERATE,1,0.1858335421168374,MODERATE,0.6327062011638673
8464,13.023942848291696,80.27373673772522,6.0,2.927142381668091,121.45952261032126,50,LOW,0,0.2854305726898479,MODERATE,0.6590518962612548
8472,13.04202677425177,80.27368401014654,8.0,1.309969782829285,14.897773519509968,50,MODERATE,1,0.1011401409320527,MODERATE,0.8982441317941317
8477,13.053329215070828,80.27365101500739,8.0,0.9263692498207092,631.332201239395,50,LOW,0,0.034454247792483086,LOW,0.22646510697795863
8483,13.066892130935784,80.27361137980506,7.0,0.9263692498207092,518.6182753553477,50,LOW,0,0.12856716233129284,LOW,0.3411436295701171
8486,13.073673583497806,80.27359154541331,9.0,2.618571519851685,101.96835269676173,10,LOW,0,0.2817061136927678,MODERATE,0.6986107149116549
8487,13.075934066889092,80.27358493146153,4.0,2.618571519851685,49.89793922724815,50,HIGH,2,0.701389299550149,HIGH,0.9363293610231495
8488,13.078194549882252,80.27357831626574,4.0,3.7006449699401855,46.4409322412945,10,MODERATE,1,0.3335912366872894,MODERATE,0.9071449300699306
8489,13.080455032477214,80.27357169982588,7.0,0.0,161.00551344727504,50,MODERATE,1,0.4771972205992771,HIGH,0.7730552865165207
8490,13.082715514673918,80.27356508214187,8.0,2.927142381668091,132.2254563564194,10,MODERATE,1,0.40329539351768984,MODERATE,0.8249173419161149
8491,13.084975996472298,80.2735584632137,1.0,2.618571519851685,93.005162679699,50,HIGH,2,0.4110391140994085,MODERATE,0.9030015271765275
8492,13.087236477872292,80.2735518430413,5.0,2.0707030296325684,57.95493263279003,50,HIGH,2,0.44822709185890863,MODERATE,0.8976968881181066
8493,13.089496958873832,80.27354522162459,5.0,2.0707030296325684,45.54823373369,50,HIGH,2,0.4449912998731163,MODERATE,0.9032756704468887
8494,13.091757439476856,80.27353859896355,3.0,2.0707030296325684,57.15375943070851,50,HIGH,2,0.6915762246705417,HIGH,0.9294167143702863
8497,13.0985388788942,80.27351872351383,4.0,1.8522543907165527,49.42694745995672,50,MODERATE,1,0.7460743555031232,HIGH,0.9407457323712549
8498,13.10079935790252,80.27351209587486,2.0,1.8522543907165527,22.33013436202214,10,HIGH,2,0.7875496373798397,HIGH,0.9589692891247237
8499,13.103059836512008,80.27350546699128,4.0,1.8522543907165527,42.10951343675205,50,HIGH,2,0.7676483176520853,HIGH,0.9523919750174974
8500,13.1053203147226,80.27349883686304,8.0,1.309969782829285,88.65792371746026,10,MODERATE,1,0.3090607862647777,MODERATE,0.8294857979011341
8507,13.121143651022152,80.27345239111001,6.0,0.9263692498207092,100.26302148899462,50,MODERATE,1,0.3198912909326749,MODERATE,0.7319753747876618
8508,13.123404126039242,80.27344575102246,4.0,3.814206600189209,41.15642365032899,50,HIGH,2,0.45982653384627054,HIGH,0.8737541874791876
8509,13.125664600656854,80.27343910968975,6.0,2.618571519851685,20.220882519796174,10,LOW,0,0.48714328196743045,HIGH,0.844836871298636
8511,13.1301855486934,80.27342582328862,5.0,2.0707030296325684,141.52754997594096,50,LOW,0,0.2229123984560993,LOW,0.610102325053282
8512,13.132446022112203,80.27341917822011,4.0,3.336585760116577,209.0609658883587,10,LOW,0,0.16995259096614937,LOW,0.5557625696952356
8514,13.136966967750558,80.27340588434687,2.0,2.0707030296325684,355.5656685089163,30,LOW,0,0.10689563361437776,LOW,0.5181050019961044
8515,13.139227439969977,80.27339923554207,2.0,2.777172803878784,428.8180198191951,90,LOW,0,0.12839200807717432,LOW,0.4494285693419966
8516,13.141487911789474,80.27339258549172,4.0,3.814206600189209,510.2891313707922,10,LOW,0,0.10136492903853259,LOW,0.43098456731714463
8517,13.143748383208983,80.27338593419577,3.0,4.136011123657227,610.8798430876393,40,LOW,0,0.04347181649759393,LOW,0.44025682038914205
8529,13.170874009020867,80.27330602146822,1.0,2.927142381668091,1777.6277904273984,30,LOW,0,0.07071480386247325,LOW,0.18772772439275787
8531,13.17539494104772,80.27329268523458,1.0,1.8522543907165527,1846.3184170014904,10,LOW,0,0.08449958019724957,LOW,0.19389705852268027
8532,13.17765540645976,80.27328601524816,5.0,1.8522543907165527,1889.2965354202688,10,LOW,0,0.04824759233529452,LOW,0.18991503787677186
8534,13.182176336080744,80.27327267153588,2.0,0.0,2053.6279085959764,50,LOW,0,0.08167935616670909,LOW,0.4001914770140347
8543,13.20252049951151,80.27321256311873,5.0,0.9263692498207092,907.3528970276606,50,MODERATE,1,0.015863708513708514,MODERATE,0.8085829496590365
8544,13.204780960107216,80.2732058781711,4.0,1.8522543907165527,867.5605440255728,50,MODERATE,1,0.029666666666666664,MODERATE,0.7988844759105632
8545,13.207041420301152,80.27319919197632,5.0,0.9263692498207092,717.50830829641,10,MODERATE,1,0.05339672636672636,MODERATE,0.8607555169755169
8548,13.21382279847166,80.27317912590873,6.0,2.927142381668091,214.74784764346165,50,MODERATE,1,0.26533858641358665,MODERATE,0.7608685259185264
8550,13.218343715241948,80.2731657422937,7.0,2.0707030296325684,182.1150915709005,50,LOW,0,0.3648764041514043,HIGH,0.6483688700188703
8552,13.222864630403595,80.27315235368887,9.0,2.618571519851685,273.2132118864942,50,LOW,0,0.24858414085914085,LOW,0.4742112692862692
8553,13.225125087381024,80.27314565751513,6.0,2.0707030296325684,96.57692998535852,30,LOW,0,0.49433727775492514,HIGH,0.6020671328671332
8603,13.010386327577049,80.27608153476324,2.0,2.618571519851685,270.305328715486,30,MODERATE,1,0.20507086059471305,MODERATE,0.6675361140614268
8604,13.01264682324695,80.2760749765022,2.0,0.0,24.95107670028351,80,HIGH,2,0.4977246364746363,HIGH,0.8684018176268176
8605,13.014907318520534,80.2760684170026,1.0,0.0,40.5734417087976,80,HIGH,2,0.4848277250527248,HIGH,0.8700051143301142
8606,13.017167813397732,80.27606185626439,3.0,4.622196197509766,81.5548158718039,80,MODERATE,1,0.6433041786644729,HIGH,0.8618431948770187
8607,13.019428307878488,80.27605529428752,-1.0,2.777172803878784,32.05808850524532,80,LOW,0,0.6156287235640178,HIGH,0.9343941272779509
8608,13.021688801962728,80.27604873107192,2.0,4.136011123657227,66.19771629514784,80,HIGH,2,0.732946959739607,HIGH,0.8981593457196402
8609,13.023949295650402,80.27604216661753,10.0,3.814206600189209,224.44888328395493,30,LOW,0,0.20204200668612435,LOW,0.4731146257337434
8617,13.042033230867377,80.27598960638005,5.0,1.309969782829285,19.499235617699902,50,MODERATE,1,0.13612051794331212,MODERATE,0.9057904335580812
8618,13.044293720982994,80.27598303077426,7.0,0.9263692498207092,38.47790553926614,50,LOW,0,0.16942376474810697,MODERATE,0.7825449829818255
8621,13.051075188946294,80.27596329652076,11.0,1.8522543907165527,294.22982046866235,50,LOW,0,0.10966904654351937,LOW,0.35105916230025547
8630,13.071419571369292,80.27590402682267,6.0,1.8522543907165527,18.11823464534253,80,MODERATE,1,0.3286168183940243,MODERATE,0.9358560180560183
8631,13.073680056316118,80.27589743510157,5.0,0.0,139.4595885646605,50,HIGH,2,0.596862218456127,HIGH,0.8398817087726878
8632,13.075940540864892,80.27589084214046,5.0,2.927142381668091,195.32663785572709,50,MODERATE,1,0.24320557382528804,MODERATE,0.7903781351899475
8633,13.07820102501556,80.27588424793926,8.0,2.618571519851685,114.70834382541996,50,LOW,0,0.2463135030261836,MODERATE,0.6815160823485276
8634,13.080461508768057,80.27587765249794,9.0,3.814206600189209,83.17376964632956,50,LOW,0,0.24606699837848142,MODERATE,0.7521461722523988
8635,13.082721992122302,80.27587105581647,12.0,3.924445152282715,114.95183753507122,50,LOW,0,0.21797564804476574,MODERATE,0.7913421542509783
8636,13.08498247507825,80.27586445789473,9.0,3.336585760116577,153.8635566242613,50,LOW,0,0.2686236952391257,MODERATE,0.7197535344321295
8644,13.103066324379242,80.27581162986608,7.0,2.618571519851685,283.6618510192518,50,LOW,0,0.10700915645240769,LOW,0.3394962230965358
8646,13.107587282716976,80.27579841045281,1.0,2.618571519851685,395.3492388421741,10,MODERATE,1,0.0869312708852297,MODERATE,0.7212921714364965
8648,13.112108239458683,80.2757851860762,4.0,3.336585760116577,587.1591892424889,50,LOW,0,0.05866166616393655,LOW,0.38178601932043293
8656,13.130192050454989,80.27573223892809,7.0,1.8522543907165527,101.00321736641312,50,LOW,0,0.2621121568440895,LOW,0.5988548223951584
8657,13.13245252503179,80.27572561494897,1.0,3.814206600189209,29.966423813146985,10,MODERATE,1,0.22825914640914632,MODERATE,0.9420441558441559
8658,13.134712999208876,80.27571898972845,2.0,0.9263692498207092,43.28592749713182,10,MODERATE,1,0.3317681330376211,MODERATE,0.8956772770362831
8659,13.136973472986194,80.27571236326642,5.0,3.7006449699401855,116.53827880741062,40,MODERATE,1,0.13067253857253855,MODERATE,0.8140627539127545
8660,13.13923394636367,80.27570573556288,2.0,1.8522543907165527,189.79063011768943,40,LOW,0,0.16930927222760045,MODERATE,0.6231219687570775
8661,13.14149441934124,80.27569910661775,5.0,6.190611839294434,277.83421847015376,10,LOW,0,0.16651939338439342,LOW,0.5565145276945277
8662,13.143754891918848,80.27569247643098,-2.0,2.618571519851685,385.0261536508173,10,LOW,0,0.18927324786324778,LOW,0.5865298568098566
8671,13.16409912710828,80.27563274886718,3.0,2.777172803878784,1156.454560693791,50,LOW,0,0.03493051166513758,LOW,0.24050150082727584
8673,13.168620063856467,80.27561946241259,2.0,6.522665023803711,1499.7841565909737,60,LOW,0,0.0870538514959413,LOW,0.2185136549604507
8674,13.17088053162949,80.27561281732187,2.0,1.309969782829285,1529.386584633549,10,LOW,0,0.05988011251517318,LOW,0.1504340318732853
8676,13.175401465973083,80.27559952341335,11.0,2.618571519851685,1599.0903580125932,50,LOW,0,0.010285350179568553,LOW,0.09128625873993458
8678,13.17992239871298,80.27558622453498,2.0,1.309969782829285,1728.443317249666,10,LOW,0,0.1627885651338816,LOW,0.30249962458406987
8679,13.182182864481378,80.275579573232,1.0,1.8522543907165527,1832.4243915625289,40,MODERATE,1,0.10071159765691406,LOW,0.44394506247950755
8680,13.184443329848662,80.27557292068636,2.0,0.9263692498207092,1706.710477257611,60,MODERATE,1,0.040449515276605064,LOW,0.45965672270401714
8681,13.186703794814765,80.27556626689805,2.0,1.8522543907165527,1499.7592346103916,40,MODERATE,1,0.07035697058463998,LOW,0.5047631424387641
8682,13.18896425937962,80.27555961186704,5.0,1.8522543907165527,1304.3284164516388,50,MODERATE,1,0.015340334998004392,LOW,0.5014623063628385
8686,13.198006113625333,80.27553297931453,3.0,0.9263692498207092,692.0455965625682,30,MODERATE,1,0.03098664890664891,MODERATE,0.8309620623820625
8687,13.200266576183012,80.27552631806901,6.0,3.336585760116577,650.9916530180068,50,LOW,0,0.06825623968155614,MODERATE,0.5563495665375413
8688,13.20252703833906,80.27551965558045,4.0,1.8522543907165527,659.0158920671828,50,LOW,0,0.08590188145188143,MODERATE,0.6960706730467601
8691,13.209308422396804,80.2754996606559,5.0,0.9263692498207092,364.9039801212536,10,MODERATE,1,0.3064892859361262,MODERATE,0.8417139237591289
8692,13.211568882945706,80.27549299319456,8.0,2.927142381668091,200.9308112243393,10,MODERATE,1,0.25048669033065335,MODERATE,0.7864739094239097
8693,13.21382934309266,80.27548632448989,6.0,2.0707030296325684,34.18370346803948,80,HIGH,2,0.7896492146742149,HIGH,0.9045033855033857
8694,13.2160898028376,80.27547965454184,2.0,2.0707030296325684,138.0662926560264,40,HIGH,2,0.8673937997674844,HIGH,0.9412035585759274
8695,13.218350262180468,80.27547298335034,4.0,0.9263692498207092,325.89901819980736,50,LOW,0,0.4101359862359861,HIGH,0.7116822184351597
8696,13.220610721121194,80.27546631091536,4.0,0.9263692498207092,522.7536569346498,50,MODERATE,1,0.31253232404850034,MODERATE,0.7909989053430226
8697,13.222871179659723,80.27545963723682,6.0,3.7006449699401855,433.07032432448847,10,LOW,0,0.33561209766209765,LOW,0.5703286111036111
8698,13.225131637795986,80.27545296231467,6.0,1.8522543907165527,304.2006820497636,10,LOW,0,0.3385346168096168,LOW,0.49884985097485096
8753,13.021695227673428,80.27835414030312,2.0,3.7006449699401855,306.8594494545346,60,LOW,0,0.3069530129580439,LOW,0.5737131794167398
8754,13.023955722514446,80.27834759674869,4.0,2.927142381668091,408.813668109561,50,LOW,0,0.11346898174029939,LOW,0.3539901831483105
8761,13.039779175292631,80.27830175728786,7.0,2.927142381668091,362.6176868028549,10,LOW,0,0.12931687599124037,LOW,0.4012252275737446
8762,13.042039666958908,80.27829520385284,6.0,2.0707030296325684,249.9443464932209,10,LOW,0,0.15326089836089843,LOW,0.4532839621392254
8764,13.046560649099996,80.27828209327679,7.0,3.814206600189209,119.3386578918372,50,LOW,0,0.23287409875729034,MODERATE,0.6164384038569729
8765,13.04882113957468,80.27827553613565,7.0,0.9263692498207092,37.29438957527394,50,MODERATE,1,0.15131180587364806,MODERATE,0.841638273025116
8774,13.06916553595965,80.2782164662625,11.0,3.7006449699401855,70.19404895917239,50,MODERATE,1,0.1410576480229547,MODERATE,0.8590520987442081
8775,13.071426022458224,80.27820989676418,8.0,5.386162281036377,134.2802002088258,30,HIGH,2,0.6344050551903192,HIGH,0.8714112343940992
8776,13.073686508558838,80.27820332602984,2.0,2.0707030296325684,334.63377451191934,30,MODERATE,1,0.14309875530749938,MODERATE,0.7755093728104756
8777,13.075946994261423,80.27819675405944,6.0,3.336585760116577,379.4601661113172,50,LOW,0,0.20342701626408177,LOW,0.46853370040524417
8778,13.07820747956592,80.2781901808529,1.0,3.7006449699401855,129.81369309928823,30,MODERATE,1,0.22776012919828706,MODERATE,0.9340671229355444
8789,13.10307279162305,80.27811779398158,11.0,3.336585760116577,525.2141886017517,50,LOW,0,0.07183167441085012,LOW,0.3514532979409809
8791,13.107593752268947,80.27810461665635,8.0,6.650692939758301,633.779613043249,50,LOW,0,0.03389179329442486,LOW,0.2836689193847088
8793,13.112114711318894,80.27809143438361,10.0,1.309969782829285,829.2943358278444,50,LOW,0,0.012907117761465588,LOW,0.15667672255280954
8795,13.116635668772386,80.27807824716292,3.0,4.136011123657227,704.8665127642156,50,LOW,0,0.055448529904959507,LOW,0.410932326048778
8797,13.121156624628906,80.27806505499387,6.0,2.0707030296325684,586.0877227627699,50,LOW,0,0.029883264947612773,LOW,0.27900668346146607
8798,13.12341710195814,80.27805845705358,7.0,5.911112308502197,526.9811249241043,50,LOW,0,0.08460597827784269,LOW,0.30596113416715115
8800,13.127938055418245,80.27804525746116,6.0,2.777172803878784,404.1873184368396,10,LOW,0,0.12148226206160989,LOW,0.46699631310718254
8804,13.136979957543192,80.27801884342752,6.0,3.336585760116577,122.4891108940951,50,LOW,0,0.16761923944424284,LOW,0.558553610439231
8805,13.139240432075043,80.27801223682529,1.0,4.976532936096191,45.68122977867483,50,MODERATE,1,0.271693265068265,MODERATE,0.8839123154623154
8806,13.141500906207014,80.27800562898543,4.0,2.0707030296325684,51.98052903333183,10,LOW,0,0.34843013850721183,MODERATE,0.7674131081985849
8812,13.155063742597722,80.27796595595292,2.0,4.713325023651123,150.33776056373517,50,LOW,0,0.312109075924076,MODERATE,0.6884845382395384
8822,13.177668437882389,80.27789973518519,6.0,2.0707030296325684,1406.7507860020708,50,LOW,0,0.03225477150411377,LOW,0.17822091241532398
8823,13.179928905206584,80.27789310629726,4.0,2.0707030296325684,1500.4525143939395,10,LOW,0,0.13328826707062005,LOW,0.42580769921799344
8824,13.182189372129743,80.2778864761707,3.0,3.814206600189209,1609.1394140583216,50,LOW,0,0.07482458260693554,MODERATE,0.571730941082412
8825,13.18444983865181,80.2778798448055,2.0,3.814206600189209,1558.8581088871274,30,MODERATE,1,0.11350026248261542,MODERATE,0.5970272897037605
8826,13.186710304772715,80.27787321220157,5.0,2.927142381668091,1359.793045919246,40,MODERATE,1,0.0190228454551984,MODERATE,0.5359177621942328
8827,13.188970770492393,80.27786657835885,1.0,6.190611839294434,1152.2451243573228,40,MODERATE,1,0.08927489340724634,MODERATE,0.7789526365791071
8828,13.191231235810786,80.27785994327732,2.0,0.0,951.4900481405248,40,MODERATE,1,0.022642806894725056,MODERATE,0.8849601310170367
8829,13.193491700727826,80.2778533069569,3.0,2.618571519851685,772.0366073280444,40,MODERATE,1,0.007456826208744367,MODERATE,0.9385823535304356
8830,13.195752165243452,80.27784666939755,5.0,3.336585760116577,595.1963401810586,30,MODERATE,1,0.11207516176633821,MODERATE,0.8626918540609717
8836,13.209314943903898,80.27780681802068,6.0,0.9263692498207092,173.43866341683756,10,LOW,0,0.5649301507203637,HIGH,0.75489061411318
8837,13.211575405607826,80.27780017178725,3.0,2.618571519851685,12.299651946097258,80,HIGH,2,0.930257596651714,HIGH,0.9623542388983563
8838,13.213835866909823,80.27779352431443,5.0,0.9263692498207092,152.0833146938158,10,HIGH,2,0.8630234055047947,HIGH,0.914696884803274
8839,13.216096327809831,80.27778687560219,2.0,2.618571519851685,318.8304224501157,10,HIGH,2,0.9003982575044494,HIGH,0.9493317052658383
8840,13.218356788307792,80.27778022565047,2.0,0.9263692498207092,490.8804329555146,10,LOW,0,0.7215300191638424,HIGH,0.8263257962625608
8841,13.220617248403627,80.27777357445922,6.0,0.9263692498207092,371.7958176465176,10,HIGH,2,0.7119917934893594,HIGH,0.7946155419631079
8842,13.222877708097284,80.27776692202836,9.0,1.8522543907165527,193.6694569153689,10,LOW,0,0.35423690459866947,LOW,0.5048964300405479
8843,13.225138167388694,80.27776026835787,9.0,2.777172803878784,242.10570178398453,10,LOW,0,0.3123827642945288,LOW,0.4742982060423235
8912,13.05334854064885,80.280568121572,7.0,1.309969782829285,26.74591826794735,50,MODERATE,1,0.17534982572703164,MODERATE,0.8616278440778447
8913,13.055609031081325,80.2805615816795,11.0,6.190611839294434,15.442939788606036,50,LOW,0,0.1748430464959876,MODERATE,0.7335059098309099
8914,13.057869521116304,80.28055504055533,10.0,2.0707030296325684,18.87622834804413,50,LOW,0,0.1545624556624556,MODERATE,0.7789788791538791
8915,13.060130010753722,80.28054849819941,12.0,3.814206600189209,32.71361529918269,10,MODERATE,1,0.24485514208014195,MODERATE,0.7224464553964554
8916,13.06239049999352,80.28054195461168,15.0,3.814206600189209,8.856040112057133,50,MODERATE,1,0.23874320679320668,MODERATE,0.7549497419247423
8919,13.069171965326534,80.28052231645717,3.0,6.190611839294434,21.57991024064336,30,HIGH,2,0.5139048071811233,HIGH,0.9112248251748254
8920,13.071432452975198,80.28051576794172,1.0,3.7006449699401855,259.5565788811631,30,HIGH,2,0.5234484562307322,HIGH,0.8832899553319058
8921,13.073692940225923,80.2805092181942,1.0,1.8522543907165527,350.46385024025807,30,LOW,0,0.21074637136169652,MODERATE,0.7043574478978195
8924,13.08047439958979,80.2804895615587,4.0,0.0,109.09241762322492,10,LOW,0,0.31265626807055374,MODERATE,0.8253456770742489
8936,13.107600201190076,80.28041082409678,7.0,1.8522543907165527,876.6011318292966,50,LOW,0,0.007631720936068762,LOW,0.09268233817901339
8938,13.112121162540909,80.28039768392799,9.0,1.309969782829285,1066.6838636096304,50,LOW,0,0.0042132505175983435,LOW,0.07578426476755322
8940,13.116642122295362,80.28038453882708,7.0,2.618571519851685,947.2132690769888,50,LOW,0,0.009618012422360248,LOW,0.08229491014810711
8942,13.121163080452927,80.28037138879358,5.0,0.0,829.0000733996576,10,LOW,0,0.02688203463203463,LOW,0.27218894771894764
8943,13.123423558932714,80.280364811927,5.0,3.814206600189209,768.8214131226874,50,LOW,0,0.04150690956877397,LOW,0.25955756051857753
8944,13.125684037013093,80.2803582338271,4.0,2.0707030296325684,707.3714195072661,50,LOW,0,0.0188130183825836,LOW,0.3301595708639187
8951,13.141507372386735,80.2803121525908,5.0,0.9263692498207092,173.87316040349015,50,LOW,0,0.23610397149658544,LOW,0.5318201636156856
8952,13.14376784726949,80.28030556462252,5.0,2.0707030296325684,66.68122522282651,50,LOW,0,0.24954644804308665,MODERATE,0.715525117622807
8953,13.14602832175226,80.28029897542046,5.0,3.924445152282715,40.510709957837086,10,MODERATE,1,0.22284359529359524,MODERATE,0.8993302514478985
8957,13.155070215682157,80.28027260627326,11.0,8.47900104522705,155.3172169090585,50,LOW,0,0.2929028335699387,MODERATE,0.6663759405627052
8969,13.182195859025786,80.2801933803481,0.0,0.9263692498207092,1391.7647115618784,50,MODERATE,1,0.06101572594072593,MODERATE,0.8481258658008658
8970,13.184456326698951,80.28018677016334,3.0,3.336585760116577,1422.3016442192022,40,MODERATE,1,0.061518315018314985,MODERATE,0.8710615795615795
8971,13.186716793970977,80.28018015874383,3.0,3.7006449699401855,1209.7853090283493,40,MODERATE,1,0.06156102786102783,MODERATE,0.9293749994749992
8972,13.188977260841792,80.2801735460895,-2.0,4.136011123657227,1009.6576531758948,40,MODERATE,1,0.07456233766233766,MODERATE,0.937222662922663
8973,13.19123772731135,80.2801669322003,6.0,0.9263692498207092,805.3276930189572,30,MODERATE,1,0.016689682539682543,MODERATE,0.801633866133866
8974,13.193498193379574,80.28016031707617,4.0,0.0,599.4947918520031,50,MODERATE,1,0.07230363887320408,MODERATE,0.8473242082796428
8975,13.195758659046398,80.28015370071707,3.0,2.618571519851685,418.4832396044949,40,MODERATE,1,0.11293214318324024,MODERATE,0.9060105477575324
8976,13.198019124311765,80.28014708312293,3.0,1.309969782829285,241.6429724575091,30,MODERATE,1,0.32168368206403614,MODERATE,0.8883028337223413
8977,13.20027958917561,80.2801404642937,6.0,3.814206600189209,155.45776062100077,40,MODERATE,1,0.6226897700338877,HIGH,0.8565947971962677
8980,13.207060981357364,80.28012060039492,3.0,2.927142381668091,96.6597721224557,10,HIGH,2,0.7985375551349234,HIGH,0.9261156020879704
8981,13.209321444614476,80.28011397662479,4.0,2.927142381668091,33.81384594951656,10,HIGH,2,0.817985168632537,HIGH,0.9367356098579783
8982,13.211581907469748,80.28010735161931,7.0,1.8522543907165527,91.58053148297236,50,HIGH,2,0.8044792405307114,HIGH,0.9126202717217426
8983,13.213842369923109,80.2801007253784,4.0,0.9263692498207092,324.11377119783856,40,LOW,0,0.7199028628660346,HIGH,0.805892725177636
8984,13.216102831974508,80.28009409790204,2.0,1.309969782829285,505.09744061197085,10,HIGH,2,0.9134532237370472,HIGH,0.951770295554119
8985,13.218363293623868,80.28008746919014,2.0,2.618571519851685,516.1620056734087,40,HIGH,2,0.8685341946065632,HIGH,0.93442301134538
8986,13.220623754871127,80.28008083924267,5.0,0.9263692498207092,273.8820743402545,60,HIGH,2,0.7943811675252854,HIGH,0.8731697567138746
8987,13.222884215716231,80.28007420805956,6.0,0.0,36.59678126342535,10,LOW,0,0.6604346259836623,HIGH,0.7292935853249746
8988,13.225144676159106,80.28006757564077,6.0,0.9263692498207092,183.22970165257576,30,LOW,0,0.5113879055584942,HIGH,0.5733835615365032
9064,13.069178374125087,80.28282816788385,5.0,4.713325023651123,37.11772472136511,80,HIGH,2,0.35142174492174494,MODERATE,0.8876430081356552
9065,13.07143886292016,80.28282164035132,0.0,1.8522543907165527,129.6409710290375,30,MODERATE,1,0.21822344005896654,MODERATE,0.931666654885077
9066,13.073699351317313,80.28281511159066,0.0,2.0707030296325684,105.5202468684955,30,MODERATE,1,0.2088255956519115,MODERATE,0.946812888037889
9067,13.075959839316477,80.28280858160184,5.0,2.777172803878784,32.116786010635,50,MODERATE,1,0.18811914301724458,MODERATE,0.9266152897165081
9068,13.078220326917592,80.28280205038479,9.0,5.839084625244141,74.27729645746878,10,MODERATE,1,0.21710743827895523,MODERATE,0.8563808314778902
9070,13.082741300925411,80.28278898426579,8.0,5.226249694824219,418.30056457865294,50,LOW,0,0.1585798798494503,LOW,0.5705305639898668
9088,13.123429995250635,80.28267116803372,11.0,6.190611839294434,1010.5555205776924,50,LOW,0,0.027335354536510866,LOW,0.23612279245941106
9089,13.125690474477905,80.28266461101153,6.0,2.0707030296325684,949.90218684962,50,LOW,0,0.010441028295376121,LOW,0.08792299317619012
9093,13.134732387391743,80.2826383706282,1.0,3.814206600189209,673.7962416073854,40,MODERATE,1,0.09436992053441651,MODERATE,0.8211619117229289
9094,13.136992864621082,80.28263180745846,4.0,3.814206600189209,600.5438902971066,10,MODERATE,1,0.10848892562035527,MODERATE,0.8251019469860459
9096,13.141513817880355,80.2826186774299,5.0,1.8522543907165527,399.72684984031207,50,LOW,0,0.07088426553838319,LOW,0.32533946035904243
9097,13.143774293910166,80.28261211057095,5.0,4.136011123657227,292.53491465964845,10,MODERATE,1,0.15609280719280721,MODERATE,0.7871013042513044
9098,13.146034769540009,80.28260554248219,0.0,6.190611839294434,185.3429794789849,30,MODERATE,1,0.2305647574647576,MODERATE,0.901437362637363
9099,13.148295244769814,80.28259897316353,7.0,2.777172803878784,78.80297047083417,30,HIGH,2,0.6783769897236289,HIGH,0.88849408313442
9100,13.150555719599524,80.28259240261492,5.0,0.9263692498207092,27.670892733250664,10,LOW,0,0.373150744400324,MODERATE,0.827863309659528
9112,13.177681386325188,80.28251346007644,5.0,3.336585760116577,941.7798125587576,50,LOW,0,0.07844816937081087,LOW,0.377787009566255
9113,13.17994185594782,80.28250687353366,2.0,3.336585760116577,1050.196929045615,40,HIGH,2,0.4420096423468546,HIGH,0.8489609152001735
9114,13.182202325169454,80.28250028576018,3.0,1.309969782829285,1180.1646696926978,10,MODERATE,1,0.06284052450817154,MODERATE,0.8490027908366145
9115,13.184462793990036,80.28249369675595,4.0,1.309969782829285,1260.5660722609443,60,MODERATE,1,0.02367203907203908,MODERATE,0.870359118659119
9116,13.1867232624095,80.28248710652092,3.0,0.9263692498207092,1080.6288772203352,40,MODERATE,1,0.024808073327638538,MODERATE,0.9476716136520483
9117,13.18898373042778,80.28248051505501,2.0,2.0707030296325684,864.3624148691829,40,MODERATE,1,0.02434353231309752,MODERATE,0.9821498820803168
9118,13.191244198044808,80.2824739223582,2.0,1.8522543907165527,659.2622283114298,40,MODERATE,1,0.026324906494471712,MODERATE,0.964336693017128
9119,13.19350466526053,80.28246732843041,1.0,2.927142381668091,458.410261680592,40,MODERATE,1,0.11648658969257177,MODERATE,0.9460610011955478
9120,13.195765132074872,80.28246073327162,1.0,2.0707030296325684,250.86234011866884,40,MODERATE,1,0.23291891369724188,MODERATE,0.923935537527488
9121,13.19802559848778,80.28245413688173,1.0,2.618571519851685,64.92987188094551,20,HIGH,2,0.8523958289732283,HIGH,0.9619753149241539
9122,13.200286064499185,80.28244753926072,1.0,1.309969782829285,91.21705147352084,30,HIGH,2,0.8810157647907648,HIGH,0.9694396298146298
9123,13.20254653010902,80.28244094040852,3.0,2.0707030296325684,83.87749495752621,40,HIGH,2,0.9129044632268318,HIGH,0.9697102629826315
9124,13.204806995317224,80.28243434032508,0.0,1.309969782829285,86.33408888093078,90,LOW,0,0.8479783272283276,HIGH,0.9451535853035856
9125,13.207067460123737,80.28242773901034,1.0,4.622196197509766,125.43928377621344,90,LOW,0,0.8248789987789988,HIGH,0.9370371128871129
9126,13.209327924528488,80.28242113646427,0.0,2.927142381668091,37.10359381945254,40,HIGH,2,0.893171345321345,HIGH,0.9588014707514705
9127,13.21158838853142,80.28241453268679,4.0,2.618571519851685,233.9021022893073,30,HIGH,2,0.9614116615840299,HIGH,0.9768489853713537
9128,13.213848852132465,80.28240792767785,4.0,1.309969782829285,430.9302438832587,30,HIGH,2,0.9574496642246643,HIGH,0.9807254828504829
9129,13.21610931533156,80.2824013214374,4.0,1.309969782829285,609.0002065214885,10,HIGH,2,0.8422138769727006,HIGH,0.9279556352144588
9130,13.218369778128643,80.28239471396539,2.0,2.0707030296325684,404.6160984791794,40,HIGH,2,0.9613196924420611,HIGH,0.9787268352992039
9131,13.220630240523644,80.28238810526175,3.0,0.9263692498207092,215.9903686807533,10,HIGH,2,0.939499954783778,HIGH,0.9526485700573933
9132,13.222890702516509,80.28238149532645,3.0,1.309969782829285,23.220883180480342,30,HIGH,2,0.9386208430458429,HIGH,0.9512483766233765
9133,13.225151164107167,80.28237488415942,3.0,0.9263692498207092,266.0692791329266,40,LOW,0,0.6949380416968658,HIGH,0.7283666658504899
9209,13.069184762355253,80.28513402053859,8.0,3.924445152282715,74.43236316325903,80,HIGH,2,0.3373372511475452,MODERATE,0.8473968009659187
9210,13.071445252293058,80.28512751398904,11.0,3.336585760116577,119.7184979012776,50,MODERATE,1,0.16310168721314144,MODERATE,0.890073822430971
9211,13.073705741832962,80.28512100621532,9.0,2.618571519851685,139.42335650326712,50,MODERATE,1,0.1848192869115903,MODERATE,0.8338079523263344
9212,13.075966230974895,80.28511449721735,10.0,0.9263692498207092,201.29779150233423,10,LOW,0,0.25135617764824925,LOW,0.607712299385304
9216,13.085008183561689,80.28508844898221,5.0,2.0707030296325684,762.244437132932,50,LOW,0,0.050484408335597315,LOW,0.3909737483847704
9217,13.087268670712827,80.28508193386234,10.0,3.336585760116577,977.2973493212714,50,LOW,0,0.06138169014534647,LOW,0.500853755940375
9218,13.089529157465616,80.28507541751792,9.0,1.309969782829285,1203.057200812266,50,LOW,0,0.018936459740807567,LOW,0.2166058161891046
9219,13.09178964381999,80.28506889994888,11.0,2.0707030296325684,1156.061263337129,50,LOW,0,0.03180444648810282,LOW,0.23733537840199706
9232,13.121175930142009,80.2849840600888,9.0,1.8522543907165527,1314.8247746734328,50,LOW,0,0.003760869565217391,LOW,0.05577267756248776
9236,13.130217850824906,80.28495791386014,5.0,2.0707030296325684,1059.3283339294487,50,LOW,0,0.010084995507637017,LOW,0.14764627894611249
9239,13.136999287141872,80.28493829132043,3.0,1.309969782829285,835.6964202053733,10,LOW,0,0.05480580892537411,LOW,0.48252244115787607
9240,13.139259765114758,80.28493174802249,3.0,2.777172803878784,732.7724744577977,10,MODERATE,1,0.05760565352521871,MODERATE,0.7436755164485989
9241,13.141520242687829,80.28492520349877,4.0,0.9263692498207092,625.580539277134,10,LOW,0,0.11301879214098895,LOW,0.5055759830837862
9242,13.143780719861008,80.28491865774923,4.0,2.0707030296325684,518.3886040964704,50,LOW,0,0.06726081141081143,LOW,0.36315436872433454
9243,13.14604119663424,80.2849121107738,4.0,2.927142381668091,411.4699291805021,50,LOW,0,0.11115033003719449,LOW,0.4040152529723229
9244,13.14830167300746,80.28490556257243,5.0,0.9263692498207092,304.99606597641724,10,LOW,0,0.1517467532467533,LOW,0.5697064245695824
9245,13.150562148980605,80.28489901314506,4.0,2.0707030296325684,198.52220277233243,80,HIGH,2,0.2464487538840514,MODERATE,0.6430192671681232
9246,13.152822624553606,80.28489246249167,3.0,4.976532936096191,92.0483395682476,90,HIGH,2,0.44476740481740473,HIGH,0.8417085470085468
9247,13.1550830997264,80.28488591061218,6.0,1.309969782829285,14.424711317824029,10,LOW,0,0.47267553280053276,HIGH,0.8460543982161629
9250,13.16186452284292,80.28486624761656,7.0,2.777172803878784,327.49559331727585,50,LOW,0,0.17892581107288547,LOW,0.47792566275084863
9256,13.175427358261794,80.28482688851344,2.0,1.309969782829285,616.3486205519328,50,LOW,0,0.13225611417567945,MODERATE,0.6385799142403492
9257,13.177687829429027,80.28482032437,0.0,4.136011123657227,714.4737321831719,30,MODERATE,1,0.17373404354590805,MODERATE,0.9107821454108096
9258,13.179948300195347,80.28481375899989,4.0,2.0707030296325684,835.425680269363,30,MODERATE,1,0.08923470595427115,MODERATE,0.8618182798564517
9259,13.1822087705607,80.28480719240304,5.0,1.8522543907165527,968.5681779911448,50,MODERATE,1,0.020825845180839627,MODERATE,0.7273325483591849
9260,13.18446924052502,80.28480062457938,3.0,2.927142381668091,1028.0404373464085,50,MODERATE,1,0.047580911600476825,MODERATE,0.8951928812733162
9261,13.186729710088237,80.28479405552886,0.0,1.309969782829285,953.4417854886406,40,MODERATE,1,0.04876226551226553,MODERATE,0.9572275613275614
9262,13.188990179250286,80.28478748525144,1.0,4.622196197509766,738.9561102214683,10,MODERATE,1,0.08825518351704795,MODERATE,0.9477246101356269
9263,13.191250648011112,80.28478091374707,2.0,2.0707030296325684,522.6782250651298,40,MODERATE,1,0.05585342055605215,MODERATE,0.9378820661794347
9264,13.193511116370647,80.28477434101569,3.0,2.0707030296325684,308.8668034469649,40,MODERATE,1,0.08938955974366192,MODERATE,0.9124209744933433
9265,13.19577158432883,80.28476776705725,3.0,1.8522543907165527,110.094495397569,80,HIGH,2,0.7486997303350243,HIGH,0.8905079756844463
9266,13.198032051885589,80.28476119187167,5.0,3.7006449699401855,96.0550912196964,80,LOW,0,0.5591231438496144,HIGH,0.8130908289422997
9267,13.20029251904087,80.28475461545894,1.0,2.0707030296325684,288.6234958426039,30,LOW,0,0.9002916028416026,HIGH,0.9737005661005659
9268,13.202552985794604,80.28474803781896,3.0,2.927142381668091,333.86464599079187,30,MODERATE,1,0.8889608724608725,HIGH,0.9556121767121768
9269,13.204813452146723,80.28474145895171,3.0,0.9263692498207092,336.04598576894426,10,HIGH,2,0.8613331335331332,HIGH,0.9435762293262291
9270,13.207073918097173,80.28473487885711,1.0,1.8522543907165527,152.0626753527715,10,MODERATE,1,0.9239296314796313,HIGH,0.9774543068043066
9271,13.20933438364588,80.28472829753514,6.0,1.309969782829285,88.62861732190323,10,HIGH,2,0.8731707503168454,HIGH,0.9429296985581466
9272,13.21159484879279,80.28472171498571,2.0,2.0707030296325684,329.3931627233528,10,HIGH,2,0.9744634920634923,HIGH,0.9891714285714288
9273,13.213855313537833,80.2847151312088,4.0,1.309969782829285,574.8631729518389,10,HIGH,2,0.9106945241033478,HIGH,0.962383890292714
9274,13.21611577788095,80.28470854620433,5.0,1.8522543907165527,495.0812968533725,10,HIGH,2,0.9622299197421914,HIGH,0.9818996888619606
9275,13.218376241822066,80.28470195997225,3.0,0.9263692498207092,262.3865608202684,40,HIGH,2,0.9573789618877853,HIGH,0.9690933919022153
9276,13.220636705361128,80.28469537251252,3.0,1.8522543907165527,52.57728498291164,40,HIGH,2,0.9927883477633479,HIGH,0.9953464285714287
9277,13.22289716849807,80.28468878382506,2.0,2.927142381668091,107.37140108053114,30,HIGH,2,0.9264342046842046,HIGH,0.9353959373959373
9278,13.225157631232824,80.28468219390986,3.0,2.927142381668091,323.60554861501487,30,LOW,0,0.7641866643590332,HIGH,0.7815672837396526
9354,13.069191130016987,80.28743987441746,6.0,1.309969782829285,149.5806108491189,50,MODERATE,1,0.380582477523582,MODERATE,0.7820095000303313
9360,13.082754070508598,80.28740094271386,8.0,3.336585760116577,759.4689325203391,10,LOW,0,0.1425613896333845,LOW,0.5685037610301038
9364,13.09179602287313,80.2873749638357,10.0,1.8522543907165527,1404.846207725161,50,LOW,0,0.028484882151729972,LOW,0.2194424539616759
9365,13.094056509968276,80.28736846606455,13.0,2.777172803878784,1404.759512072111,50,MODERATE,1,0.07853747130862763,LOW,0.494773207469238
9366,13.096316996664902,80.28736196707261,10.0,0.0,1447.8256540839673,50,LOW,0,0.020869094673442497,LOW,0.14440584994566014
9367,13.098577482962938,80.28735546685989,14.0,3.814206600189209,1450.4879935135068,50,LOW,0,0.05654137629253263,LOW,0.27209170785773823
9368,13.10083796886232,80.2873489654263,8.0,1.309969782829285,1459.253846420304,50,LOW,0,0.010588142292490117,LOW,0.11527776136757159
9369,13.103098454362993,80.2873424627718,9.0,3.7006449699401855,1496.6115568684588,10,LOW,0,0.057574079820888316,LOW,0.2113632466911698
9387,13.143787125121966,80.28722520615338,4.0,2.0707030296325684,744.2422935332922,10,LOW,0,0.0903913181589652,LOW,0.4918976364215495
9390,13.150568557660751,80.28720562490128,4.0,3.814206600189209,424.7152982779156,10,LOW,0,0.37318194093488194,MODERATE,0.7465321717498185
9391,13.152829034373529,80.28719909537311,3.0,0.9263692498207092,318.2414350738307,10,LOW,0,0.27685577482373136,MODERATE,0.7165911645973566
9392,13.155089510686112,80.28719256462284,1.0,0.9263692498207092,211.8875135737554,40,HIGH,2,0.39554414386782777,MODERATE,0.820462701333754
9393,13.157349986598454,80.28718603265035,0.0,1.309969782829285,108.17205657814674,50,HIGH,2,0.5214968503718503,HIGH,0.8500841297591297
9394,13.159610462110477,80.28717949945562,6.0,1.8522543907165527,4.4565995825380575,10,HIGH,2,0.5843120152723098,HIGH,0.8874586469086472
9402,13.17769425178775,80.28712718989027,0.0,0.9263692498207092,491.4239775160781,30,HIGH,2,0.7254877547375225,HIGH,0.8929618478013215
9403,13.179954723694086,80.28712064569285,1.0,2.927142381668091,623.8291885678103,30,HIGH,2,0.6738216454864512,HIGH,0.9340134030420673
9404,13.182215195199472,80.28711410027266,4.0,1.309969782829285,756.9716862895922,50,MODERATE,1,0.04188349591584884,MODERATE,0.869183192532106
9405,13.184475666303838,80.28710755362964,3.0,2.0707030296325684,797.3792245052531,10,MODERATE,1,0.02709960594960595,MODERATE,0.9145267954267954
9406,13.186736137007127,80.28710100576372,3.0,2.618571519851685,708.9913604965861,40,MODERATE,1,0.011333436853002072,MODERATE,0.9753164909969257
9407,13.18899660730927,80.28709445667484,1.0,2.0707030296325684,623.4606592304239,40,MODERATE,1,0.09193833009096167,MODERATE,0.9572573409047092
9408,13.191257077210212,80.28708790636296,1.0,2.0707030296325684,397.2833432226015,90,MODERATE,1,0.13708573648573646,MODERATE,0.8593495004995004
9409,13.19351754670988,80.28708135482803,3.0,0.9263692498207092,181.0054580662629,40,MODERATE,1,0.19150254645104275,MODERATE,0.8945254225724144
9410,13.195778015808216,80.28707480207,2.0,0.9263692498207092,35.27242709007565,80,LOW,0,0.6516891964244905,HIGH,0.8343475610990317
9411,13.198038484505147,80.28706824808879,5.0,0.9263692498207092,71.18979104622646,90,MODERATE,1,0.4948910367410365,HIGH,0.8797155178155178
9412,13.20029895280062,80.28706169288438,3.0,0.9263692498207092,277.4457119330229,30,HIGH,2,0.888197752247752,HIGH,0.9541063436563434
9413,13.202559420694564,80.28705513645669,2.0,2.0707030296325684,319.48107283168,30,HIGH,2,0.9404083472083471,HIGH,0.9787981740481739
9414,13.204819888186922,80.28704857880567,4.0,2.0707030296325684,140.4801168230297,10,HIGH,2,0.9618094072594072,HIGH,0.9842340326340326
9415,13.207080355277624,80.28704201993128,5.0,0.9263692498207092,58.59216562669109,10,HIGH,2,0.8887460349994832,HIGH,0.9534909844944327
9416,13.209340821966604,80.28703545983345,5.0,3.814206600189209,112.0575641200342,40,HIGH,2,0.9047812826062829,HIGH,0.9603657620157623
9417,13.211601288253808,80.28702889851215,0.0,1.309969782829285,350.19449338253764,40,HIGH,2,0.9608444999445003,HIGH,0.9743190531690535
9418,13.213861754139163,80.28702233596731,4.0,3.924445152282715,514.9908703273423,10,HIGH,2,0.952627857436681,HIGH,0.9768246828335064
9419,13.216122219622612,80.28701577219887,5.0,2.0707030296325684,345.14757509711296,40,HIGH,2,0.9552092657342658,HIGH,0.9799302364302365
9420,13.218382684704087,80.28700920720678,3.0,1.8522543907165527,169.59441217660705,30,HIGH,2,0.986845793095793,HIGH,0.9915935564435564
9421,13.22064314938352,80.28700264099099,5.0,0.0,58.05798931111983,40,HIGH,2,0.9479754624460508,HIGH,0.9692579515255987
9422,13.22290361366086,80.28699607355145,3.0,2.0707030296325684,292.33646076791206,40,HIGH,2,0.9168484126984129,HIGH,0.9223072871572874
9502,13.075978952553264,80.28972633211727,4.0,1.8522543907165527,679.3380419297525,50,LOW,0,0.07993866011218952,LOW,0.4052896454900292
9504,13.0804999341921,80.28971339443596,3.0,1.309969782829285,860.8402292364624,50,LOW,0,0.07849225684225683,LOW,0.3871636537636536
9516,13.107625790565208,80.28963566614827,9.0,2.0707030296325684,1852.9303862641448,50,LOW,0,0.007894372294372296,LOW,0.07295859841912473
9517,13.109886276005064,80.28962918088091,6.0,0.9263692498207092,1907.36585872718,50,LOW,0,0.014340634920634917,LOW,0.10776445378151264
9519,13.11440724568785,80.28961620669462,10.0,4.622196197509766,1977.969269463205,50,LOW,0,0.019277994227994227,LOW,0.1769549021154285
9535,13.150574945639924,80.28951223787956,4.0,3.814206600189209,650.9083937834987,10,LOW,0,0.23008054004818718,MODERATE,0.6659070041070043
9536,13.152835423488789,80.28950572947672,2.0,0.0,544.4352401043311,50,LOW,0,0.24480391638804952,MODERATE,0.6420075638413875
9537,13.155095900937482,80.28949921985568,2.0,1.309969782829285,439.3586193876412,20,HIGH,2,0.4347409334989054,HIGH,0.7677750307312224
9538,13.15735637798595,80.28949270901641,-1.0,2.777172803878784,335.64316239203254,50,MODERATE,1,0.45000458419289713,HIGH,0.8119711558908931
9539,13.159616854634123,80.28948619695886,5.0,2.927142381668091,231.5213996215616,90,MODERATE,1,0.28063938580115383,MODERATE,0.7414080398333663
9540,13.161877330881945,80.28947968368294,1.0,2.0707030296325684,119.70197295935428,60,HIGH,2,0.7721965963924201,HIGH,0.9393165651917369
9541,13.16413780672934,80.28947316918862,4.0,2.777172803878784,48.86793425727232,50,MODERATE,1,0.4215915084915084,MODERATE,0.915780810855811
9542,13.166398282176251,80.28946665347586,1.0,4.136011123657227,19.2655062146966,50,HIGH,2,0.7714112625936153,HIGH,0.9571152430902429
9543,13.168658757222616,80.28946013654456,3.0,4.713325023651123,10.336921827879117,10,HIGH,2,0.8908119854002204,HIGH,0.9591204315292549
9544,13.170919231868368,80.28945361839472,6.0,2.927142381668091,41.47143240242464,10,HIGH,2,0.8231145002056771,HIGH,0.9554684805390693
9546,13.17544017995778,80.28944057843911,4.0,0.9263692498207092,155.7147037263546,80,LOW,0,0.4351170827939404,HIGH,0.7345055252739465
9548,13.17996112644398,80.28942753360862,0.0,4.713325023651123,412.2326968662575,30,HIGH,2,0.8362638655891755,HIGH,0.943705448473096
9549,13.182221599085713,80.28942100936516,4.0,3.814206600189209,545.3751945880394,10,HIGH,2,0.6865043177840389,HIGH,0.9148753741356681
9550,13.184482071326451,80.2894144839028,3.0,4.136011123657227,566.7407966804798,10,MODERATE,1,0.31668258930611864,MODERATE,0.9270185373450082
9551,13.186742543166131,80.28940795722151,5.0,0.9263692498207092,470.41073563624536,40,MODERATE,1,0.08962166555666556,MODERATE,0.8852298834498833
9552,13.189003014604683,80.28940142932123,5.0,2.618571519851685,432.6884457283165,40,MODERATE,1,0.07108836829836826,MODERATE,0.8869356776556772
9553,13.191263485642056,80.28939490020191,2.0,0.9263692498207092,300.36979848670575,10,MODERATE,1,0.2380346439078636,MODERATE,0.8738939118501037
9554,13.19352395627817,80.28938836986347,2.0,0.9263692498207092,67.03945378062996,40,HIGH,2,0.8055732057624916,HIGH,0.9097623650159365
9555,13.195784426512974,80.28938183830591,3.0,1.8522543907165527,160.66730893260402,10,LOW,0,0.5939119038769965,HIGH,0.7872449446236596
9556,13.1980448963464,80.28937530552912,3.0,3.7006449699401855,75.60048816474722,10,HIGH,2,0.9224771605071915,HIGH,0.9671186649951357
9557,13.200305365778384,80.28936877153308,4.0,0.9263692498207092,110.38808330035874,30,HIGH,2,0.9080340243090245,HIGH,0.9541745837495839
9558,13.202565834808858,80.28936223631773,0.0,2.927142381668091,222.85676342170004,30,HIGH,2,0.957742551892552,HIGH,0.9741332667332668
9560,13.207086771665036,80.28934916222887,4.0,0.9263692498207092,189.6525735274286,40,HIGH,2,0.9315717976467978,HIGH,0.9633554667554669
9561,13.209347239490608,80.28934262335525,4.0,6.190611839294434,290.6805193396236,40,HIGH,2,0.9248267510267508,HIGH,0.9664052447552446
9562,13.21160770691442,80.28933608326211,1.0,0.0,462.728137588468,40,HIGH,2,0.933421692196692,HIGH,0.961121606171606
9563,13.213868173936406,80.28932954194939,1.0,2.0707030296325684,407.9578148350574,40,HIGH,2,0.9747560439560441,HIGH,0.9892199911199913
9564,13.216128640556509,80.28932299941704,6.0,0.9263692498207092,167.94075010916794,10,HIGH,2,0.9261568031528983,HIGH,0.9467098517382998
9565,13.218389106774652,80.289316455665,4.0,1.309969782829285,16.95518561514836,30,HIGH,2,0.9880058136308139,HIGH,0.9911453740703743
9566,13.220649572590778,80.28930991069322,4.0,6.522665023803711,146.18049440420782,30,HIGH,2,0.964825666000666,HIGH,0.9883192918192918
9649,13.080506266375474,80.29201935570636,7.0,2.0707030296325684,1085.8295397568684,60,LOW,0,0.04105015576700359,LOW,0.23748997164866736
9650,13.082766757729535,80.29201290604388,1.0,0.0,1190.7122509578044,10,LOW,0,0.1491212104888576,LOW,0.42547783882783863
9681,13.152841791899336,80.2918123647985,2.0,0.0,770.6291617776429,10,LOW,0,0.1774428137222257,LOW,0.5884040867629106
9682,13.155102270480455,80.29180587630678,1.0,1.309969782829285,666.829725201527,40,LOW,0,0.19094093696121564,MODERATE,0.689590997890998
9683,13.157362748661376,80.29179938660079,3.0,2.0707030296325684,563.1142682059184,50,LOW,0,0.1885791958041958,MODERATE,0.6284585442335444
9684,13.159623226442015,80.29179289568044,4.0,1.8522543907165527,455.1201827598766,10,HIGH,2,0.40960191785338834,HIGH,0.6931279888841808
9685,13.16188370382232,80.29178640354571,1.0,1.8522543907165527,344.6134888383997,40,HIGH,2,0.6779874625460539,HIGH,0.8663632085750509
9686,13.164144180802229,80.29177991019654,2.0,3.336585760116577,297.1091400511214,50,HIGH,2,0.616821516364089,HIGH,0.8149641294695639
9687,13.166404657381667,80.29177341563285,1.0,1.309969782829285,267.50671200854566,50,LOW,0,0.44464701027386805,HIGH,0.7401388373322586
9688,13.168665133560577,80.29176691985461,1.0,4.976532936096191,237.90428396597,50,MODERATE,1,0.3452778931852464,MODERATE,0.8789037712287713
9689,13.1709256093389,80.29176042286176,1.0,2.618571519851685,205.7566265864726,50,MODERATE,1,0.32843203057468107,MODERATE,0.8618756246994805
9690,13.173186084716564,80.29175392465424,1.0,2.0707030296325684,168.63134074808008,50,MODERATE,1,0.5885619517972493,HIGH,0.8968812440801001
9691,13.175446559693508,80.29174742523202,4.0,0.9263692498207092,65.64879027885915,10,MODERATE,1,0.6519708776233705,HIGH,0.8609733935714747
9692,13.177707034269664,80.29174092459502,2.0,2.927142381668091,67.49370744292278,10,MODERATE,1,0.8222480965113317,HIGH,0.9188011813350048
9693,13.17996750844498,80.29173442274322,5.0,1.309969782829285,200.63620516470468,40,HIGH,2,0.3196776214383025,MODERATE,0.7704626256898706
9694,13.18222798221938,80.29172791967652,4.0,4.622196197509766,333.8897463717934,30,HIGH,2,0.79701004771802,HIGH,0.9160283951772344
9695,13.184488455592804,80.2917214153949,6.0,1.8522543907165527,351.0488929266937,40,MODERATE,1,0.1820176813485792,MODERATE,0.8119844667750549
9696,13.18674892856519,80.2917149098983,0.0,2.777172803878784,239.6441186888064,90,MODERATE,1,0.23417723683900488,MODERATE,0.8936178355931614
9697,13.189009401136472,80.29170840318668,1.0,2.618571519851685,183.0851467645089,50,MODERATE,1,0.20821385339806392,MODERATE,0.8933307287741497
9698,13.191269873306588,80.29170189525995,0.0,2.0707030296325684,150.52636898000625,40,HIGH,2,0.7953271401113511,HIGH,0.9173515829200044
9699,13.193530345075471,80.29169538611808,0.0,1.309969782829285,22.721062257012537,40,LOW,0,0.7663580946830949,HIGH,0.8282312437562439
9700,13.195790816443065,80.29168887576103,3.0,1.8522543907165527,256.0514069630883,30,LOW,0,0.41161172725623196,HIGH,0.6896400012010695
9701,13.198051287409296,80.29168236418872,4.0,1.309969782829285,242.7713859010965,30,HIGH,2,0.8006196995986463,HIGH,0.9467486691670897
9702,13.200311757974102,80.29167585140111,3.0,1.8522543907165527,66.62963906829931,40,HIGH,2,0.9920704184704185,HIGH,0.9935426406926408
9703,13.202572228137424,80.29166933739815,3.0,0.0,108.27527610294224,40,HIGH,2,0.9655892633510282,HIGH,0.9755620898709135
9705,13.20709316725936,80.29165630574593,2.0,1.309969782829285,190.4926470325601,40,HIGH,2,0.9783053391053392,HIGH,0.9886637085137087
9706,13.209353636217838,80.29164978809659,4.0,0.9263692498207092,440.4913746547227,60,HIGH,2,0.8523098365686604,HIGH,0.924304045137869
9707,13.21161410477458,80.29164326923167,2.0,1.309969782829285,643.9568130044972,80,HIGH,2,0.39353293928293914,MODERATE,0.7927626484626485
9708,13.213874572929514,80.29163674915112,0.0,1.309969782829285,438.9117916500722,40,HIGH,2,0.9517540098790102,HIGH,0.9728991619491623
9709,13.21613504068258,80.29163022785491,4.0,0.0,233.27682634953567,40,HIGH,2,0.954025215470804,HIGH,0.9691198784875258
9710,13.218395508033714,80.29162370534296,3.0,2.0707030296325684,202.95958852428345,40,HIGH,2,0.9728806693306694,HIGH,0.9859974025974027
9795,13.08277307045404,80.29431888952976,6.0,0.9263692498207092,1419.813392120214,50,LOW,0,0.041568599822947645,LOW,0.19567636303505878
9797,13.087294054223896,80.29430602858467,6.0,0.9263692498207092,1660.2753818184626,60,LOW,0,0.05282201597201597,LOW,0.20773096978096986
9806,13.107638461466422,80.29424809449256,6.0,1.309969782829285,2344.9598472767984,50,LOW,0,0.021173968253968254,LOW,0.090729950857536
9827,13.155108619314992,80.29411253397218,8.0,2.618571519851685,894.3008310154129,50,LOW,0,0.017373276550265885,LOW,0.19261033857219254
9828,13.157369098624676,80.29410606539952,8.0,2.0707030296325684,790.5383925603991,50,LOW,0,0.03139030951729885,LOW,0.26085136421321825
9829,13.1596295775341,80.29409959561644,4.0,0.9263692498207092,678.7189658981916,30,LOW,0,0.14088773840538554,LOW,0.5539103785103788
9831,13.164150534151942,80.29408665241894,3.0,4.136011123657227,545.3503458449704,50,MODERATE,1,0.1952491522638582,MODERATE,0.6771557100307106
9832,13.166411011860228,80.2940801790044,4.0,3.7006449699401855,515.7479178023948,50,LOW,0,0.19768819100289686,LOW,0.5005930532430531
9833,13.168671489168004,80.29407370437926,7.0,3.336585760116577,486.145489759819,50,LOW,0,0.17328032726532736,LOW,0.41430595645095647
9834,13.170931966075209,80.29406722854345,2.0,0.9263692498207092,452.9846855753698,50,MODERATE,1,0.2860627233877233,LOW,0.5923018786768788
9835,13.17319244258178,80.29406075149696,3.0,0.9263692498207092,402.9579981088275,50,MODERATE,1,0.2587044476220946,LOW,0.5652213277463278
9836,13.175452918687649,80.2940542732397,3.0,1.8522543907165527,277.245281980412,50,LOW,0,0.35627686213568577,LOW,0.63139924982425
9837,13.177713394392754,80.29404779377163,4.0,2.0707030296325684,144.10278425862998,50,LOW,0,0.4540259631270499,HIGH,0.7995919090973439
9838,13.17997386969703,80.29404131309268,3.0,2.0707030296325684,10.960286536848084,80,MODERATE,1,0.7377330158403691,HIGH,0.9271724109224113
9840,13.184494819102843,80.29402834810197,6.0,6.190611839294434,168.29032532096616,10,HIGH,2,0.8176619793492516,HIGH,0.9297671547294271
9841,13.186755293204255,80.29402186379014,1.0,2.618571519851685,8.982905847650974,90,HIGH,2,0.8605921859186568,HIGH,0.9623198471463181
9842,13.189015766904582,80.29401537826719,2.0,2.0707030296325684,66.5181521992987,10,LOW,0,0.7246946017750368,HIGH,0.8340438081242432
9843,13.19127624020376,80.29400889153312,1.0,3.336585760116577,93.601328305794,30,LOW,0,0.6985571795851206,HIGH,0.7892820702173642
9844,13.193536713101732,80.29400240358788,3.0,2.0707030296325684,180.86092580722163,30,LOW,0,0.3824217987894457,HIGH,0.6608567915744387
9845,13.195797185598428,80.29399591443139,1.0,0.9263692498207092,368.1606319126469,30,LOW,0,0.37749505246215787,HIGH,0.6390040677159101
9846,13.19805765769378,80.29398942406361,2.0,1.309969782829285,420.1800752723494,30,MODERATE,1,0.5793607957831645,HIGH,0.9111696619170307
9847,13.200318129387735,80.29398293248448,2.0,1.309969782829285,244.87549327552185,10,HIGH,2,0.9613293928293928,HIGH,0.9851149628149628
9848,13.202578600680225,80.29397643969396,5.0,2.0707030296325684,76.73417770206804,40,HIGH,2,0.9378608114108117,HIGH,0.9753608724608727
9850,13.207099542060543,80.29396345047851,0.0,2.0707030296325684,236.70020573105216,50,LOW,0,0.7804873987123987,HIGH,0.8728216144966146
9853,13.213880951118432,80.29394395756853,5.0,1.8522543907165527,586.3936757963526,60,MODERATE,1,0.666289183039183,HIGH,0.8549669968919968
9854,13.21614142000078,80.2939374575085,5.0,1.8522543907165527,453.4667130850873,10,MODERATE,1,0.9379760597133313,HIGH,0.9711335272457988
9855,13.218401888481218,80.29393095623672,4.0,3.814206600189209,438.6417407616697,90,HIGH,2,0.794323091124562,HIGH,0.8872409898924607
9942,13.087300348606608,80.296612055297,10.0,11.165250778198242,1867.784942798512,50,MODERATE,1,0.08054566348683997,MODERATE,0.6307023032523036
9943,13.08956084101865,80.29660564402619,-2.0,4.136011123657227,2009.267699972392,80,MODERATE,1,0.10995464894582539,MODERATE,0.697451953601954
9944,13.091821333032378,80.2965992315505,12.0,2.927142381668091,2165.3504959980714,60,LOW,0,0.05882171162171161,LOW,0.360371257981784
9945,13.094081824647724,80.29659281786994,2.0,0.9263692498207092,2336.343380173988,80,LOW,0,0.0321047619047619,LOW,0.3950440836940837
9951,13.107644765970267,80.29655431048053,7.0,2.0707030296325684,2586.512184859298,50,LOW,0,0.024725555555555556,LOW,0.11125758433516944
9952,13.109905254795168,80.29654788836415,7.0,1.309969782829285,2636.819900818032,50,LOW,0,0.03555470418470418,LOW,0.1032083779859631
9953,13.11216574322118,80.29654146504242,8.0,3.7006449699401855,2695.3244138544205,50,LOW,0,0.023159898989898987,LOW,0.17662673396778658
9979,13.170938302077255,80.29637403543586,5.0,2.0707030296325684,700.2127445642672,50,LOW,0,0.03578603988603988,LOW,0.3780770200009328
9981,13.175459256940158,80.29636112245818,2.0,1.8522543907165527,488.8417736819647,50,MODERATE,1,0.28173679702650295,LOW,0.6102403568653569
9982,13.177719733770523,80.29635466415907,6.0,1.309969782829285,355.6992759601828,60,LOW,0,0.23055107432872146,LOW,0.5624786531986533
9983,13.179980210200084,80.29634820465306,2.0,2.777172803878784,222.1300674939224,50,LOW,0,0.41320368056212076,HIGH,0.7693756873561227
9984,13.182240686228772,80.29634174394009,4.0,2.0707030296325684,85.51872272134217,50,MODERATE,1,0.4389126389949918,MODERATE,0.8850999666999668
9985,13.184501161856526,80.2963352820201,-1.0,2.618571519851685,59.36803466944309,10,HIGH,2,0.9133913752913754,HIGH,0.9585197025197026
9986,13.186761637083276,80.29632881889303,2.0,2.0707030296325684,185.10466181912764,10,MODERATE,1,0.33366071802593505,MODERATE,0.8227387556887553
9987,13.189022111908963,80.29632235455885,4.0,1.8522543907165527,316.1214511631063,40,LOW,0,0.2618463056551293,LOW,0.6179689774278013
9988,13.191282586333529,80.29631588901749,3.0,2.927142381668091,337.7290255915942,30,LOW,0,0.392470263723205,LOW,0.6061470718823662
9989,13.193543060356898,80.29630942226892,4.0,3.336585760116577,394.882670931018,40,LOW,0,0.2671706896045131,LOW,0.529934370368194
9990,13.195803533979015,80.29630295431303,1.0,2.618571519851685,534.269491369795,30,LOW,0,0.3619530647457117,LOW,0.6182599983349985
9991,13.198064007199813,80.29629648514984,3.0,1.8522543907165527,598.0477336875301,40,HIGH,2,0.7742194721944724,HIGH,0.8721992396492398
9992,13.200324480019228,80.29629001477926,3.0,1.309969782829285,429.8849470805321,40,HIGH,2,0.9452474442224443,HIGH,0.9810030802530804
9993,13.202584952437196,80.29628354320124,3.0,2.927142381668091,247.99099314310345,10,HIGH,2,0.9779866300366299,HIGH,0.9868631091131089
10088,13.089567115924051,80.29891169295819,6.0,3.7006449699401855,2213.375941074349,60,LOW,0,0.13343440308057952,LOW,0.399785747030747
10089,13.091827609058614,80.29890530150135,5.0,2.618571519851685,2359.2002146787586,80,LOW,0,0.047142874119344716,LOW,0.38302969840616896
10090,13.09408810179481,80.29889890884355,2.0,0.0,2518.0825220302336,80,LOW,0,0.05400677361853832,LOW,0.3405155919244155
10091,13.096348594132587,80.29889251498474,5.0,0.0,2675.571307218334,80,LOW,0,0.06287252453428922,LOW,0.3222149925238161
10123,13.168684138191054,80.29868727705656,5.0,2.0707030296325684,982.6279013475172,50,LOW,0,0.020587641010282525,LOW,0.21276993847309678
10124,13.17094461734498,80.29868084353502,7.0,2.777172803878784,947.4408035531644,50,LOW,0,0.02324619622318556,LOW,0.19022276873462274
10126,13.175465574450987,80.29866797288352,4.0,2.618571519851685,700.4382653835174,50,LOW,0,0.07072884152884151,LOW,0.47440869388260676
10127,13.177726052402932,80.29866153575344,5.0,2.0707030296325684,567.2957676617356,50,LOW,0,0.16754202667702672,LOW,0.5356891906081037
10128,13.179986529954094,80.29865509742041,4.0,0.9263692498207092,432.976044089042,50,LOW,0,0.27980703865850914,LOW,0.5895524125112361
10129,13.1822470071044,80.29864865788437,3.0,3.814206600189209,282.49608132861704,40,LOW,0,0.4888933705183706,HIGH,0.6849155816405817
10130,13.184507483853794,80.29864221714526,0.0,0.0,71.48272662808982,60,HIGH,2,0.9136242305939679,HIGH,0.9594397373094746
10131,13.186767960202204,80.29863577520305,1.0,2.0707030296325684,29.901776818044578,10,HIGH,2,0.9556605201561722,HIGH,0.9786584157388504
10132,13.189028436149572,80.29862933205769,1.0,0.9263692498207092,158.47356254277386,10,HIGH,2,0.9040903207903208,HIGH,0.9571395937395938
10133,13.191288911695835,80.29862288770909,3.0,4.976532936096191,277.47919068655955,30,HIGH,2,0.7338922533348998,HIGH,0.8205459801636268
10134,13.193549386840925,80.29861644215723,2.0,3.336585760116577,389.4606092460877,30,LOW,0,0.4367813415342827,HIGH,0.6037881946484889
10135,13.19580986158478,80.29860999540203,2.0,3.814206600189209,470.9181481716772,40,LOW,0,0.4390887207563676,HIGH,0.6370608724608724
10136,13.198070335927335,80.29860354744348,6.0,2.927142381668091,540.9484153894829,40,LOW,0,0.572983130758131,HIGH,0.7403726613965749
10137,13.20033080986853,80.29859709828148,2.0,2.618571519851685,507.2647871992478,30,HIGH,2,0.9265219225219223,HIGH,0.9511634310134308
10138,13.202591283408292,80.298590647916,4.0,1.309969782829285,257.4435528849343,30,HIGH,2,0.9814757428845661,HIGH,0.9880958949547182
10139,13.204851756546567,80.298584196347,2.0,0.9263692498207092,7.62231857062083,90,HIGH,2,0.9344144938394944,HIGH,0.9703517593517599
10234,13.091833864479314,80.30121137265313,1.0,5.839084625244141,2561.1414487506704,50,LOW,0,0.12684123987123988,LOW,0.4560437223887224
10235,13.094094358332685,80.30120500101818,2.0,1.309969782829285,2710.072806351935,80,LOW,0,0.06494462204462204,LOW,0.3511172216672216
10236,13.096354851787654,80.30119862818614,3.0,1.8522543907165527,2871.0166152408788,80,LOW,0,0.05660335220335219,LOW,0.3037060384060384
10268,13.168690431606576,80.3009940652013,4.0,6.650692939758301,1230.8691071413662,50,LOW,0,0.07623029008029007,LOW,0.3371285871535871
10269,13.170950911878345,80.30098765283698,2.0,1.309969782829285,1178.319752528634,50,LOW,0,0.09187003552003552,LOW,0.43531475746475723
10270,13.173211391749533,80.30098123927382,3.0,2.0707030296325684,1045.1772548068525,50,LOW,0,0.06720180745180745,LOW,0.329154747104747
10274,13.182253307227247,80.30095557303171,2.0,2.618571519851685,416.5608572320194,50,LOW,0,0.29121918963389537,LOW,0.6089281440781442
10275,13.184513785094598,80.30094915347357,2.0,0.9263692498207092,225.67228497911404,50,LOW,0,0.429041391941392,HIGH,0.6794307914307915
10276,13.18677426256099,80.30094273271625,2.0,1.309969782829285,87.74455834305043,50,HIGH,2,0.9104153846153845,HIGH,0.9517861804861804
10277,13.18903473962635,80.30093631075972,2.0,3.336585760116577,50.183168293013225,10,HIGH,2,0.9508243783993785,HIGH,0.9715590465090466
10279,13.193555692553758,80.30092346324886,2.0,0.9263692498207092,160.89671096338458,40,HIGH,2,0.911937307137307,HIGH,0.9412637029637029
10280,13.195816168415666,80.3009170376944,8.0,2.777172803878784,230.92697818119035,10,HIGH,2,0.752653861160251,HIGH,0.8935762298046785
10281,13.198076643876297,80.30091061094052,1.0,1.309969782829285,300.9572453989961,40,HIGH,2,0.9445734376734377,HIGH,0.9676601121101122
10282,13.200337118935588,80.30090418298718,3.0,2.0707030296325684,387.174751612308,10,HIGH,2,0.9717377687529862,HIGH,0.9780525030525031
10283,13.202597593593469,80.30089775383429,3.0,2.927142381668091,207.9719875428208,30,HIGH,2,0.9894267454767454,HIGH,0.9925421134421133
10284,13.204858067849878,80.30089132348185,2.0,1.8522543907165527,31.22701291657115,10,HIGH,2,0.9945118169270342,HIGH,0.9956290764790763
10402,13.14383138262768,80.30337107897508,2.0,0.0,2327.488556429252,80,MODERATE,1,0.005147532859297565,MODERATE,0.8436350779939017
10403,13.146091868415516,80.3033647009083,1.0,0.0,2221.0150943707963,80,MODERATE,1,0.007118614718614719,MODERATE,0.9164460816960818
10407,13.155133807567683,80.30333917669755,10.0,4.622196197509766,1796.752951775867,50,LOW,0,0.02407411867092718,LOW,0.21887281626962476
10421,13.186780544159577,80.30324969142865,3.0,0.9263692498207092,296.25341241166615,50,LOW,0,0.34883231213231214,LOW,0.5888857975357976
10422,13.189041022339254,80.30324329066103,1.0,0.9263692498207092,158.32568577560255,50,HIGH,2,0.9197591769341773,HIGH,0.9536332750582754
10423,13.191301500117866,80.30323688869814,0.0,2.0707030296325684,39.27007312158168,10,HIGH,2,0.953793825739478,HIGH,0.9687771692076041
10424,13.193561977495346,80.30323048553987,2.0,0.9263692498207092,66.46625728891298,10,HIGH,2,0.9362577275381618,HIGH,0.9531592981897324
10425,13.19582245447163,80.30322408118619,-1.0,5.617307186126709,9.064191809296382,80,HIGH,2,0.9384037795537797,HIGH,0.9701118242868245
10426,13.198082931046654,80.30321767563706,3.0,2.0707030296325684,64.05429228510958,90,HIGH,2,0.964539410589411,HIGH,0.9884487734487738
10427,13.200343407220355,80.3032112688924,3.0,2.0707030296325684,153.86292133210162,10,HIGH,2,0.9871106403258575,HIGH,0.9898587079587078
10428,13.202603882992666,80.30320486095218,3.0,2.0707030296325684,61.37749976648199,10,HIGH,2,0.9952755032407206,HIGH,0.9959079143079143
10429,13.20486435836353,80.30319845181633,4.0,2.0707030296325684,139.28356519227944,10,HIGH,2,0.9844581947322355,HIGH,0.9888545529633763
10549,13.148358595764112,80.30566492194768,2.0,0.0,2342.8027310716675,80,LOW,0,0.007635628097392804,MODERATE,0.8149282958871197
10550,13.150619081862477,80.30565856261397,3.0,1.309969782829285,2239.087274076059,80,MODERATE,1,0.004322527472527473,MODERATE,0.8361693695193698
10551,13.15287956756088,80.30565220208977,2.0,0.0,2132.171161576389,80,MODERATE,1,0.004747532859297565,MODERATE,0.9396230289318527
10561,13.17548440253288,80.30558853136112,9.0,2.927142381668091,1317.7304731404058,50,LOW,0,0.018417073690871536,LOW,0.1870214898562393
10568,13.191307763177493,80.30554389098766,4.0,5.839084625244141,265.8088742822718,50,LOW,0,0.4447978382728385,HIGH,0.6513963675213678
10569,13.193568241665645,80.30553750902628,2.0,2.0707030296325684,160.0725438717772,50,HIGH,2,0.8937660894660896,HIGH,0.9410694555444556
10570,13.195828719752615,80.30553112587343,3.0,1.8522543907165527,60.50808847275166,50,HIGH,2,0.9293520916218289,HIGH,0.9683865939615943
10571,13.19808919743835,80.30552474152908,-1.0,6.522665023803711,37.44344915311245,10,HIGH,2,0.9620768953268953,HIGH,0.9843187368187368
10572,13.20034967472278,80.30551835599319,-8.0,3.814206600189209,52.107328466232296,80,HIGH,2,0.9795484765234768,HIGH,0.9847955183705186
10573,13.202610151605844,80.30551196926567,2.0,0.9263692498207092,74.79519830590462,10,HIGH,2,0.955040465090465,HIGH,0.966066772116772
10574,13.204870628087471,80.3055055813465,5.0,7.427391529083252,174.17946047595254,10,HIGH,2,0.9343270809143527,HIGH,0.976404889217161
10576,13.209391579846184,80.30549280193296,4.0,2.0707030296325684,575.3901469778764,10,LOW,0,0.7654838875177112,HIGH,0.8252634052222289
10577,13.211652055123146,80.30548641043849,3.0,2.0707030296325684,365.95697761162273,30,HIGH,2,0.9676435342435344,HIGH,0.9710008214008216
10697,13.155146277442071,80.30795250524315,1.0,0.9263692498207092,2248.43839084384,80,MODERATE,1,0.005971428571428571,MODERATE,0.9814261183261183
10698,13.157406763447035,80.30794616347153,1.0,0.9263692498207092,2163.247196247316,80,MODERATE,1,0.005304761904761904,MODERATE,0.9744594516594517
10707,13.177751119477923,80.30788903412088,8.0,2.927142381668091,1282.3892302855534,50,LOW,0,0.040661492038481364,LOW,0.2718090095469504
10717,13.200355921442815,80.30782544428558,4.0,0.9263692498207092,93.18591054953062,10,LOW,0,0.7935968959145432,HIGH,0.8470935659112132
10718,13.20261639943294,80.30781907877083,-4.0,6.522665023803711,59.84876148058509,80,HIGH,2,0.9591913023251262,HIGH,0.975598778182602
10719,13.20487687702166,80.30781271206837,8.0,4.622196197509766,85.44799433980683,10,HIGH,2,0.8068046143286511,HIGH,0.9504248656459613
10720,13.207137354208902,80.30780634417816,0.0,4.976532936096191,246.0498388199118,10,HIGH,2,0.956582767232767,HIGH,0.9650691031191029
10721,13.209397830994602,80.30779997510014,1.0,6.522665023803711,346.4258224352802,10,HIGH,2,0.9509873543123543,HIGH,0.9688615051615052
10844,13.159673455131893,80.31024652883929,1.0,0.0,2349.43204769198,80,MODERATE,1,0.016074891774891773,MODERATE,0.9174341047841047
10845,13.161933941439548,80.31024020583588,2.0,0.9263692498207092,2312.6412144444894,80,MODERATE,1,0.004785347985347985,MODERATE,0.957004911754912
10863,13.20262262647392,80.31012618946369,7.0,9.752992630004885,137.29940796702442,10,MODERATE,1,0.6038526365791075,HIGH,0.8954332936671178
10864,13.204883105166038,80.31011984397801,6.0,1.309969782829285,0.9918639622322202,10,HIGH,2,0.8198276985943869,HIGH,0.912317687051511
10866,13.209404061345843,80.31010714945519,4.0,4.622196197509766,113.73308732499645,80,HIGH,2,0.8851530952707426,HIGH,0.9378952558879032
10992,13.166461101516006,80.3125343292262,2.0,0.9263692498207092,2501.677564153187,80,MODERATE,1,0.028555766455766456,MODERATE,0.8359094572094574
10994,13.17098207352788,80.31252171725025,3.0,1.8522543907165527,2169.374057438596,80,LOW,0,0.017504299404299407,MODERATE,0.7078783845783851
11003,13.191326427750216,80.31246490498884,7.0,2.0707030296325684,946.4470080764676,50,LOW,0,0.03472366522366521,LOW,0.49965101822493146
11010,13.207149791910965,80.31242065162273,3.0,2.0707030296325684,106.80432581653209,10,LOW,0,0.7473025226265639,HIGH,0.8304225904814144
11140,13.173248730155004,80.31482224709085,1.0,0.0,2176.8896319571973,80,MODERATE,1,0.021678138528138526,MODERATE,0.957198013098013
11141,13.175509216255495,80.31481595932061,2.0,0.0,2028.4432465685984,80,MODERATE,1,0.018565065326830034,MODERATE,0.9155806601894839
11149,13.193593090632907,80.31476561484688,6.0,3.814206600189209,1078.5074185679323,10,LOW,0,0.11123230103230103,LOW,0.5230639379139382
11150,13.195853573125817,80.3147593164979,8.0,3.814206600189209,986.794413213358,50,MODERATE,1,0.0847816017316017,MODERATE,0.6179172272172273
11151,13.19811405521756,80.31475301697324,3.0,1.309969782829285,839.0537068077076,10,LOW,0,0.17764844599844604,MODERATE,0.6270168553668558
11289,13.18229682700519,80.31710401241644,2.0,24.358583450317383,1827.3239927734671,80,LOW,0,0.09093574481074485,MODERATE,0.7385725219225219
11297,13.200380700498052,80.31705380929212,6.0,5.386162281036377,897.268279462608,10,LOW,0,0.15800523920523923,LOW,0.5585309912309915
11438,13.19134490541267,80.31938592960579,2.0,1.309969782829285,1636.4828524284549,80,MODERATE,1,0.04317640137640138,MODERATE,0.8325141025641023
11439,13.193605390487503,80.31937967482675,2.0,2.777172803878784,1540.8080056483907,80,LOW,0,0.09974754134754135,MODERATE,0.6644498445998448
